<?xml version="1.0" encoding="UTF-8" standalone="yes"?>
<addon id="repository.donutmiddles" name="donutmiddles Repository" version="1.0.1" provider-name="donutmiddles">
    <extension point="xbmc.addon.repository" name="Example Repository">
        <dir minversion="21.0">
            <info compressed="false">https://raw.githubusercontent.com/donutmiddles/repository.donutmiddles/master/repo/zips/addons.xml</info>
            <checksum>https://raw.githubusercontent.com/donutmiddles/repository.donutmiddles/master/repo/zips/addons.xml.md5</checksum>
            <datadir zip="true">https://raw.githubusercontent.com/donutmiddles/repository.donutmiddles/master/repo/zips/</datadir>
        </dir>
    </extension>
    <extension point="xbmc.addon.metadata">
        <summary>donutmiddles Repository</summary>
        <description>Just Another Kodi Repo</description>
        <disclaimer>Don't blame me. I just work here.</disclaimer>
        <platform>all</platform>
        <assets>
            <icon>icon.png</icon>
            <fanart>fanart.jpg</fanart>
        </assets>
    </extension>
</addon>