<?xml version="1.0" encoding="UTF-8"?>
<fonts>
	<fontset id="Default" idloc="15109">
		<!-- Normal Fonts -->
		<font>
			<name>font10</name>
			<filename>Inter-Regular.ttf</filename>
			<size>21</size>
			
		</font>
		<font>
			<name>font12</name>
			<filename>Inter-Regular.ttf</filename>
			<size>23</size>
			
		</font>
		<font>
			<name>font13</name>
			<filename>Inter-Regular.ttf</filename>
			<size>28</size>
			
		</font>
		<font>
			<name>font14</name>
			<filename>Inter-Regular.ttf</filename>
			<size>31</size>
			
		</font>
		<font>
			<name>font23_narrow</name>
			<filename>Inter-Regular.ttf</filename>
			<size>21</size>
			
			<linespacing>0.8</linespacing>
		</font>
		<font>
			<name>font23</name>
			<filename>Inter-Regular.ttf</filename>
			<size>25</size>
		</font>
		<font>
			<name>font25</name>
			<filename>Inter-Regular.ttf</filename>
			<size>23</size>
			
		</font>
		<font>
			<name>font25_narrow</name>
			<filename>Inter-Regular.ttf</filename>
			<size>23</size>
			
			<linespacing>0.8</linespacing>
		</font>
		<font>
			<name>font27</name>
			<filename>Inter-Regular.ttf</filename>
			<size>27</size>
			<!-- <linespacing>0.93</linespacing> -->
			
		</font>
		<font>
			<name>font27_narrow</name>
			<filename>Inter-Regular.ttf</filename>
			<size>27</size>
			
			<linespacing>0.8</linespacing>
		</font>
		<font>
			<name>Font30</name>
			<filename>Inter-Regular.ttf</filename>
			<size>28</size>
			<aspect>0.92</aspect>
		</font>
		<font>
			<name>Font22</name>
			<filename>Inter-Regular.ttf</filename>
			<size>20</size>
			<aspect>0.92</aspect>
		</font>
		<font>
			<name>PlayerTime</name>
			<filename>Inter-Regular.ttf</filename>
			<size>28</size>
			<aspect>0.98</aspect>
		</font>
		<font>
			<name>PlayerCodecs</name>
			<filename>Nick-Titling.ttf</filename>
			<size>25</size>
			<aspect>0.96</aspect>
		</font>
		<font>
			<name>font32</name>
			<filename>Inter-Regular.ttf</filename>
			<size>30</size>
			
		</font>
		<font>
			<name>font37</name>
			<filename>Inter-Regular.ttf</filename>
			<size>35</size>
			
		</font>
		<font>
			<name>font45</name>
			<filename>Inter-Regular.ttf</filename>
			<size>43</size>
			
		</font>
		<font>
			<name>font60</name>
			<filename>Inter-Regular.ttf</filename>
			<size>58</size>
			
		</font>
		<font>
			<name>font_clock</name>
			<filename>Inter-Regular.ttf</filename>
			<size>68</size>
		</font>
		<font>
			<name>font_clock_small</name>
			<filename>Inter-Regular.ttf</filename>
			<size>38</size>
		</font>
		<!-- ICON FONTS -->
		<font>
			<name>PlayerIcon</name>
			<filename>remixicon.ttf</filename>
			<size>38</size>
			<style>symbol</style>
		</font>
		<font>
			<name>PlayerIconSmall</name>
			<filename>remixicon.ttf</filename>
			<size>32</size>
			<style>symbol</style>
		</font>
		<font>
			<name>SmallIcon</name>
			<filename>remixicon.ttf</filename>
			<size>22</size>
			<style>symbol</style>
		</font>
		<!-- Title Fonts -->
		<font>
			<name>font10_title</name>
			<filename>Inter-Regular.ttf</filename>
			<size>21</size>
			<style>bold</style>
		</font>
		<font>
			<name>FlixPanelIcon</name>
			<filename>Inter-Regular.ttf</filename>
			<style>bold</style>
			<size>22</size>
			<aspect>0.93</aspect>
		</font>
		<font>
			<name>font_flag</name>
			<filename>Inter-Regular.ttf</filename>
			<size>16</size>
			<style>bold</style>
		</font>
		<font>
			<name>font12_title</name>
			<filename>Inter-Regular.ttf</filename>
			<size>23</size>
			<style>bold</style>
		</font>
		<font>
			<name>font20_title</name>
			<filename>Inter-Regular.ttf</filename>
			<size>18</size>
			<style>bold</style>
		</font>
		<font>
			<name>font18_title</name>
			<filename>Inter-Regular.ttf</filename>
			<size>20</size>
			<style>bold</style>
		</font>
		<font>
			<name>font23_title</name>
			<filename>Inter-Regular.ttf</filename>
			<size>25</size>
			<style>bold</style>
		</font>
		<font>
			<name>font25_title</name>
			<filename>Inter-Regular.ttf</filename>
			<size>23</size>
			<style>bold</style>
		</font>
		<font>
			<name>font27_title</name>
			<filename>Inter-Regular.ttf</filename>
			<size>27</size>
			<style>bold</style>
		</font>
		<font>
			<name>font30_title</name>
			<filename>Inter-Regular.ttf</filename>
			<size>28</size>
			<style>bold</style>
		</font>
		<font>
			<name>font32_title</name>
			<filename>Inter-Regular.ttf</filename>
			<size>30</size>
			<style>bold</style>
		</font>
		<font>
			<name>font36_title</name>
			<filename>Inter-Regular.ttf</filename>
			<size>34</size>
			<style>bold</style>
		</font>
		<font>
			<name>font40_title</name>
			<filename>Inter-Regular.ttf</filename>
			<size>38</size>
			<style>bold</style>
		</font>
		<font>
			<name>font45_title</name>
			<filename>Inter-Regular.ttf</filename>
			<size>43</size>
			<style>bold</style>
		</font>
		<font>
			<name>font52_title</name>
			<filename>Inter-Regular.ttf</filename>
			<size>50</size>
			<style>bold</style>
		</font>
		<font>
			<name>font_title_eng</name>
			<filename>Engebrechtre.ttf</filename>
			<!-- <size>78</size> -->
			<size>89</size>
		</font>
		<font>
			<name>font_title_west</name>
			<filename>Westmeath.ttf</filename>
			<size>67</size>
		</font>
		<font>
			<name>font_MainMenu</name>
			<filename>Inter-Regular.ttf</filename>
			<size>58</size>
			<style>bold</style>
		</font>
		<font>
			<name>WeatherTemp</name>
			<aspect>0.85</aspect>
			<filename>Inter-Regular.ttf</filename>
			<size>118</size>
			<style>bold</style>
		</font>
		<font>
			<name>Mono26</name>
			<filename>NotoMono-Regular.ttf</filename>
			<size>24</size>
		</font>
	</fontset>
	<fontset id="Arial" idloc="31053">
		<!-- Arial Font better for non English -->
		<font>
			<name>font10</name>
			<filename>arial.ttf</filename>
			<size>18</size>
		</font>
		<font>
			<name>font12</name>
			<filename>arial.ttf</filename>
			<size>22</size>
		</font>
		<font>
			<name>font13</name>
			<filename>arial.ttf</filename>
			<size>27</size>
		</font>
		<font>
			<name>font14</name>
			<filename>arial.ttf</filename>
			<size>30</size>
		</font>
		<font>
			<name>font23_narrow</name>
			<filename>arial.ttf</filename>
			<size>23</size>
			<linespacing>0.8</linespacing>
		</font>
		<font>
			<name>font25_narrow</name>
			<filename>arial.ttf</filename>
			<size>25</size>
			<linespacing>0.8</linespacing>
		</font>
		<font>
			<name>font27</name>
			<filename>arial.ttf</filename>
			<size>29</size>
		</font>
		<font>
			<name>font27_narrow</name>
			<filename>arial.ttf</filename>
			<size>27</size>
			<linespacing>0.8</linespacing>
		</font>
		<font>
			<name>font32</name>
			<filename>arial.ttf</filename>
			<size>32</size>
		</font>
		<font>
			<name>font37</name>
			<filename>arial.ttf</filename>
			<size>37</size>
		</font>
		<font>
			<name>font45</name>
			<filename>arial.ttf</filename>
			<size>45</size>
		</font>
		<font>
			<name>font60</name>
			<filename>arial.ttf</filename>
			<size>60</size>
			
		</font>
		<font>
			<name>font_clock</name>
			<filename>arial.ttf</filename>
			<size>70</size>
			
		</font>
		<!-- ICON FONTS -->
		<font>
			<name>PlayerIcon</name>
			<filename>remixicon.ttf</filename>
			<size>38</size>
			<style>symbol</style>
		</font>
		<font>
			<name>PlayerIconSmall</name>
			<filename>remixicon.ttf</filename>
			<size>32</size>
			<style>symbol</style>
		</font>
		<font>
			<name>SmallIcon</name>
			<filename>remixicon.ttf</filename>
			<size>22</size>
			<style>symbol</style>
		</font>
		<!-- Title Fonts -->
		<font>
			<name>font_flag</name>
			<filename>arial.ttf</filename>
			<size>18</size>
		</font>
		<font>
			<name>font20_title</name>
			<filename>arial.ttf</filename>
			<size>20</size>
			<style>bold</style>
		</font>
		<font>
			<name>font25_title</name>
			<filename>arial.ttf</filename>
			<size>25</size>
			<style>bold</style>
		</font>
		<font>
			<name>font30_title</name>
			<filename>arial.ttf</filename>
			<size>30</size>
			<style>bold</style>
		</font>

		<font>
			<name>font32_title</name>
			<filename>arial.ttf</filename>
			<size>32</size>
			<style>bold</style>
		</font>
		<font>
			<name>font36_title</name>
			<filename>arial.ttf</filename>
			<size>36</size>
			<style>bold</style>
		</font>
		<font>
			<name>font40_title</name>
			<filename>arial.ttf</filename>
			<size>40</size>
			<style>bold</style>
		</font>
		<font>
			<name>font45_title</name>
			<filename>arial.ttf</filename>
			<size>45</size>
			<style>bold</style>
		</font>
		<font>
			<name>font52_title</name>
			<filename>arial.ttf</filename>
			<size>52</size>
			<style>bold</style>
		</font>
		<font>
			<name>font_MainMenu</name>
			<filename>arial.ttf</filename>
			<size>52</size>
			<style>bold</style>
		</font>
		<font>
			<name>WeatherTemp</name>
			<aspect>0.75</aspect>
			<filename>arial.ttf</filename>
			<size>120</size>
			<style>bold</style>
		</font>
		<font>
			<name>Mono26</name>
			<filename>arial.ttf</filename>
			<size>26</size>
		</font>
	</fontset>
</fonts>
