<?xml version="1.0" encoding="UTF-8"?>
<includes>

	<include name="View_50_List">
		<control type="group">
			<include>OpenClose_Right</include>
			<left>0</left>
			<top>0</top>
			<visible>Control.IsVisible(50)</visible>
			<include>Visible_Right</include>
			<include>MediaMenuAnimations</include>
			<!-- <control type="label">
				<left>300</left>
				<top>100</top>
				<width>700</width>
				<height>80</height>
				<label>$INFO[Container.Content]</label>
			</control> -->
			<!-- <control type="label">
				<left>300</left>
				<top>150</top>
				<width>700</width>
				<height>80</height>
				<label>Last Focused Color: $INFO[Window(home).Property(LastFocusedColor)]</label>
			</control>
			<control type="label">
				<left>300</left>
				<top>200</top>
				<width>700</width>
				<height>80</height>
				<label>Current Color: $INFO[Window(home).Property(listitem_color)]</label>
			</control> -->
			<control type="image">
				<left>70</left>
				<bottom>240</bottom>
				<width>930</width>
				<height>523</height>
				<fadetime>500</fadetime>
				<texture colordiffuse="artwork_dim" diffuse="masks/giant-landscape.png" background="true" fallback="$VAR[NimbusCustomBackgroundImage]">$VAR[ListLandscapeVar]</texture>
				<bordersize>1</bordersize>
				<aspectratio scalediffuse="false">scale</aspectratio>
				<include>ArtworkAnimations</include>
				<include>ListLandscapeArtworkSlide</include>
				<bordertexture colordiffuse="$VAR[BorderColorVar]" border="17" infill="false">masks/giant-border.png</bordertexture>
				<visible>
					!Player.HasMedia + 
					[
						[Container.Content(movies) + String.IsEqual(Skin.String(ListArtworkChoice.movies),0)] | 
						[Container.Content(tvshows) + String.IsEqual(Skin.String(ListArtworkChoice.tvshows),0)] | 
						[Container.Content(seasons) + String.IsEqual(Skin.String(ListArtworkChoice.seasons),0)] | 
						[Container.Content(episodes) + String.IsEqual(Skin.String(ListArtworkChoice.episodes),0)] | [Container.Content(files) + String.IsEqual(Skin.String(ListArtworkChoice.files),0)] | 
						[Container.Content(favourites) + String.IsEqual(Skin.String(ListArtworkChoice.favourites),0)] | 
						[Container.Content() + String.IsEqual(Skin.String(ListArtworkChoice.),0)] |
						[Container.Content(addons) + String.StartsWith(Container.PluginName,plugin.video.otaku) + String.IsEqual(Skin.String(ListArtworkChoice.addons),0)]
					]
				</visible>
			</control>
			<control type="image">
				<left>159</left>
				<bottom>90</bottom>
				<width>610</width>
				<height>915</height>
				<fadetime>500</fadetime>
				<texture colordiffuse="artwork_dim" diffuse="masks/colossal-poster.png" background="true" fallback="$VAR[NimbusCustomBackgroundImage]">$VAR[FlixPosterVar]</texture>
				<bordersize>1</bordersize>
				<bordertexture colordiffuse="$VAR[BorderColorVar]" border="20" infill="false">masks/colossal-poster-border.png</bordertexture>
				<aspectratio scalediffuse="false">scale</aspectratio>
				<include>ArtworkAnimations</include>
				<animation condition="
					$EXP[isContent] + 
					[
						[Container.Content(movies) + String.IsEqual(Skin.String(ListArtworkChoice.movies),1)] | 
						[Container.Content(tvshows) + String.IsEqual(Skin.String(ListArtworkChoice.tvshows),1)] | 
						[Container.Content(seasons) + String.IsEqual(Skin.String(ListArtworkChoice.seasons),1)] | 
						[Container.Content(episodes) + String.IsEqual(Skin.String(ListArtworkChoice.episodes),1)]
					] +
					[
						[String.IsEmpty(Window(Home).Property(nimbus.metascore)) | Skin.HasSetting(Disable.MetacriticRating)] + 
						[String.IsEmpty(Window(Home).Property(nimbus.tomatoMeter)) | Skin.HasSetting(Disable.RTCRating)] + 
						[String.IsEmpty(Window(Home).Property(nimbus.tomatoUserMeter)) | Skin.HasSetting(Disable.RTARating)] + 
						[String.IsEmpty(Window(Home).Property(nimbus.imdbRating)) | Skin.HasSetting(Disable.IMDbRating)] + 
						[String.IsEmpty(Window(Home).Property(nimbus.popularRating)) | Skin.HasSetting(Disable.IMDbPopularRating)] + 
						[String.IsEmpty(Window(Home).Property(nimbus.tmdbRating)) | Skin.HasSetting(Disable.TMDbRating)]
					]" 
					reversible="true">
					<effect type="slide" start="0,0" end="100,0" delay="200" time="500" tween="cubic" easing="inout" />
				</animation>
				<visible>
					!Player.HasMedia + 
					[
						[Container.Content(movies) + String.IsEqual(Skin.String(ListArtworkChoice.movies),1)] | 
						[Container.Content(tvshows) + String.IsEqual(Skin.String(ListArtworkChoice.tvshows),1)] | 
						[Container.Content(seasons) + String.IsEqual(Skin.String(ListArtworkChoice.seasons),1)] | 
						[Container.Content(episodes) + String.IsEqual(Skin.String(ListArtworkChoice.episodes),1)]
					] + 
					[!Container.Content(addons) | String.StartsWith(Container.PluginName,plugin.video.otaku)]
				</visible>
			</control>
			<control type="image">
				<!-- <include>FullScreenDimensions</include> -->
				<left>0</left>
				<top>0</top>
				<width>101%</width>
				<height>101%</height>
				<fadetime>500</fadetime>
				<texture colordiffuse="artwork_dim" diffuse="overlays/fanart-diffuse.png" background="true" fallback="$VAR[NimbusCustomBackgroundImage]">$VAR[ListLandscapeVar]</texture>
				<aspectratio>stretch</aspectratio>
				<include>ArtworkAnimations</include>
				<visible>
					!Player.HasMedia + 
					[
						[Container.Content(movies) + String.IsEqual(Skin.String(ListArtworkChoice.movies),2)] | 
						[Container.Content(tvshows) + String.IsEqual(Skin.String(ListArtworkChoice.tvshows),2)] | 
						[Container.Content(seasons) + String.IsEqual(Skin.String(ListArtworkChoice.seasons),2)] | 
						[Container.Content(episodes) + String.IsEqual(Skin.String(ListArtworkChoice.episodes),2)] | [Container.Content(files) + String.IsEqual(Skin.String(ListArtworkChoice.files),2)] | [Container.Content(favourites) + String.IsEqual(Skin.String(ListArtworkChoice.favourites),2)] | 
						[Container.Content() + String.IsEqual(Skin.String(ListArtworkChoice.),2)] |
						[Container.Content(addons) + String.IsEqual(Skin.String(ListArtworkChoice.addons),2)]
					]
				</visible>
				</control>
				<control type="image">
					<top>90</top>
					<right>90</right>
					<width>470</width>
					<height>182</height>
					<fadetime>300</fadetime>
					<texture colordiffuse="artwork_dim" background="true">$VAR[ClearlogoVar]</texture>
					<aspectratio align="right" aligny="top">keep</aspectratio>
					<visible>
						!Player.HasMedia + Skin.HasSetting(Enable.FanartClearlogo) +
						[
							[Container.Content(movies) + String.IsEqual(Skin.String(ListArtworkChoice.movies),2)] | 
							[Container.Content(tvshows) + String.IsEqual(Skin.String(ListArtworkChoice.tvshows),2)] | 
							[Container.Content(seasons) + String.IsEqual(Skin.String(ListArtworkChoice.seasons),2)] | 
							[Container.Content(episodes) + String.IsEqual(Skin.String(ListArtworkChoice.episodes),2)]
						] + 
						[!Container.Content(addons) | String.StartsWith(Container.PluginName,plugin.video.otaku)]
					</visible>
				</control>
				<control type="image">
					<left>159</left>
					<bottom>190</bottom>
					<width>700</width>
					<height>700</height>
					<fadetime>500</fadetime>
					<texture colordiffuse="artwork_dim" diffuse="masks/addons.png" background="true" fallback="$VAR[NimbusCustomBackgroundImage]">$INFO[ListItem.Icon]</texture>
					<aspectratio scalediffuse="false">keep</aspectratio>
					<include>ArtworkAnimations</include>
					<visible>
						!Player.HasMedia + 
						Container.Content(addons) + 
						!String.StartsWith(Container.PluginName,plugin.video.otaku) + 
						!String.IsEqual(Skin.String(ListArtworkChoice.addons),2)
					</visible>
				</control>
				<!-- <control type="image">
					<left>289</left>
					<bottom>290</bottom>
					<width>500</width>
					<height>500</height>
					<fadetime>500</fadetime>
					<texture colordiffuse="artwork_dim" diffuse="masks/addons.png" background="true" fallback="$VAR[NimbusCustomBackgroundImage]">$INFO[ListItem.Icon]</texture>
					<aspectratio scalediffuse="false">keep</aspectratio>
					<include>ArtworkAnimations</include>
					<visible>!Player.HasMedia + Container.Content() + !String.StartsWith(Container.PluginName,plugin.video.otaku)</visible>
				</control> -->
				<control type="group">
					<visible>
						!Player.HasMedia + 
						[
							[Container.Content(movies) + String.IsEqual(Skin.String(ListArtworkChoice.movies),0)] | 
							[Container.Content(tvshows) + String.IsEqual(Skin.String(ListArtworkChoice.tvshows),0)] | 
							[Container.Content(seasons) + String.IsEqual(Skin.String(ListArtworkChoice.seasons),0)] | 
							[Container.Content(episodes) + String.IsEqual(Skin.String(ListArtworkChoice.episodes),0)]
						] + 
						[[!String.IsEmpty(ListItem.Art(clearlogo)) | !String.IsEmpty(Container.ListItem.Art(tvshow.clearlogo))] + Skin.HasSetting(Enable.LandscapeClearlogo)] + 
						[$EXP[isContent] | Container.Content(addons)] + 
						[
							[Container.Content(movies) + String.IsEqual(Skin.String(ListLandscape.movies),1)] | 
							[Container.Content(tvshows) + String.IsEqual(Skin.String(ListLandscape.tvshows),1)] | 
							[Container.Content(seasons) + String.IsEqual(Skin.String(ListLandscape.seasons),1)] | 
							[Container.Content(episodes) + [String.IsEqual(Skin.String(ListLandscape.episodes),0) | String.IsEqual(Skin.String(ListLandscape.episodes),1)]]
						]
					</visible>
					<include>ListLandscapeArtworkSlide</include>
					<control type="image">
						<top>589</top>
						<left>71</left>
						<width>928</width>
						<height>250</height>
						<texture colordiffuse="A8FFFFFF" background="true">overlays/overlayfade-ls.png</texture>
					</control>
					<control type="image">
						<top>674</top>
						<left>120</left>
						<width>300</width>
						<height>116</height>
						<fadetime>300</fadetime>
						<texture colordiffuse="artwork_dim" background="true">$VAR[ClearlogoVar]</texture>
						<aspectratio align="left" aligny="bottom">keep</aspectratio>
					</control>
				</control>
				<control type="grouplist">
					<include>ListLandscapeArtworkSlide</include>
					<animation effect="fade" time="400">VisibleChange</animation>
					<width>930</width>
					<left>70</left>
					<top>239.5</top>
					<height>38</height>
					<orientation>horizontal</orientation>
					<itemgap>20</itemgap>
					<aligny>center</aligny>
					<align>center</align>
					<visible>
						!Player.HasMedia + 
						[
							[Container.Content(movies) + String.IsEqual(Skin.String(ListArtworkChoice.movies),0)] | 
							[Container.Content(tvshows) + String.IsEqual(Skin.String(ListArtworkChoice.tvshows),0)] | 
							[Container.Content(seasons) + String.IsEqual(Skin.String(ListArtworkChoice.seasons),0)] | 
							[Container.Content(episodes) + String.IsEqual(Skin.String(ListArtworkChoice.episodes),0)]
						] + 
						!String.IsEmpty(ListItem.Genre) + 
						$EXP[isContent]
					</visible>
					<control type="grouplist">
						<width>130</width>
						<orientation>horizontal</orientation>
						<itemgap>5</itemgap>
						<align>left</align>
						<visible>![String.IsEmpty(Window(Home).Property(nimbus.metascore)) | Skin.HasSetting(Disable.MetacriticRating)]</visible>
						<control type="image">
							<width>50</width>
							<height>38</height>
							<aspectratio>keep</aspectratio>
							<align>left</align>
							<aligny>center</aligny>
							<texture colordiffuse="artwork_dim">$INFO[Window(Home).Property(nimbus.metascoreImage)]</texture>
						</control>
						<control type="label">
							<width max="80">auto</width>
							<height>38</height>
							<align>left</align>
							<aligny>center</aligny>
							<label>$INFO[Window(Home).Property(nimbus.metascore)]%</label>
							<font>font27</font>
							<textcolor>unfocused_text</textcolor>
						</control>
					</control>
					<control type="grouplist">
						<width>130</width>
						<orientation>horizontal</orientation>
						<itemgap>5</itemgap>
						<align>left</align>
						<visible>![String.IsEmpty(Window(Home).Property(nimbus.tomatoMeter)) | Skin.HasSetting(Disable.RTCRating)]</visible>
						<control type="image">
							<width>50</width>
							<height>38</height>
							<aspectratio>keep</aspectratio>
							<align>left</align>
							<aligny>center</aligny>
							<texture colordiffuse="artwork_dim">$INFO[Window(Home).Property(nimbus.tomatoImage)]</texture>
						</control>
						<control type="label">
							<width max="80">auto</width>
							<height>38</height>
							<align>left</align>
							<aligny>center</aligny>
							<label>$INFO[Window(Home).Property(nimbus.tomatoMeter)]%</label>
							<font>font27</font>
							<textcolor>unfocused_text</textcolor>
						</control>
					</control>
					<control type="grouplist">
						<width>130</width>
						<orientation>horizontal</orientation>
						<itemgap>2</itemgap>
						<align>left</align>
						<visible>![String.IsEmpty(Window(Home).Property(nimbus.tomatoUserMeter)) | Skin.HasSetting(Disable.RTARating)]</visible>
						<control type="image">
							<width>45</width>
							<height>38</height>
							<aspectratio>keep</aspectratio>
							<align>left</align>
							<aligny>center</aligny>
							<texture colordiffuse="artwork_dim">$INFO[Window(Home).Property(nimbus.tomatoUserImage)]</texture>
						</control>
						<control type="label">
							<width max="80">auto</width>
							<height>38</height>
							<align>left</align>
							<aligny>center</aligny>
							<label>$INFO[Window(Home).Property(nimbus.tomatoUserMeter)]%</label>
							<font>font27</font>
							<textcolor>unfocused_text</textcolor>
						</control>
					</control>
					<control type="grouplist">
						<width>130</width>
						<orientation>horizontal</orientation>
						<itemgap>5</itemgap>
						<align>left</align>
						<visible>![String.IsEmpty(Window(Home).Property(nimbus.imdbRating)) | Skin.HasSetting(Disable.IMDbRating)]</visible>
						<control type="image">
							<width>74</width>
							<height>38</height>
							<aspectratio>keep</aspectratio>
							<align>left</align>
							<aligny>center</aligny>
							<texture colordiffuse="artwork_dim">$INFO[Window(Home).Property(nimbus.imdbImage)]</texture>
						</control>
						<control type="label">
							<width max="60">auto</width>
							<height>38</height>
							<align>left</align>
							<aligny>center</aligny>
							<label>$INFO[Window(Home).Property(nimbus.imdbRating)]</label>
							<font>font27</font>
							<textcolor>unfocused_text</textcolor>
						</control>
					</control>
					<control type="grouplist">
						<width>130</width>
						<orientation>horizontal</orientation>
						<itemgap>8</itemgap>
						<align>left</align>
						<visible>![String.IsEmpty(Window(Home).Property(nimbus.popularRating)) | Skin.HasSetting(Disable.IMDbPopularRating)]</visible>
						<control type="image">
							<width>29</width>
							<height>35</height>
							<aspectratio>keep</aspectratio>
							<align>left</align>
							<aligny>center</aligny>
							<texture colordiffuse="artwork_dim">$INFO[Window(Home).Property(nimbus.popularImage)]</texture>
						</control>
						<control type="label">
							<width max="87">auto</width>
							<height>38</height>
							<align>left</align>
							<aligny>center</aligny>
							<label>$INFO[Window(Home).Property(nimbus.popularRating)]</label>
							<font>font27</font>
							<textcolor>unfocused_text</textcolor>
						</control>
					</control>
					<!-- <control type="grouplist">
						<width>118</width>
						<orientation>horizontal</orientation>
						<itemgap>12</itemgap>
						<align>right</align>
						<visible>![String.IsEmpty(Window(Home).Property(nimbus.tmdbRating)) | Skin.HasSetting(Disable.TMDbRating)]</visible>
						<control type="image">
							<top>-3</top>
							<width>60</width>
							<aspectratio>keep</aspectratio>
							<align>left</align>
							<aligny>center</aligny>
							<texture colordiffuse="artwork_dim">$INFO[Window(Home).Property(nimbus.tmdbImage)]</texture>
						</control>
						<control type="label">
							<width max="60">auto</width>
							<height>38</height>
							<align>left</align>
							<label>$INFO[Window(Home).Property(nimbus.tmdbRating)]</label>
							<font>font27</font>
							<textcolor>unfocused_text</textcolor>
						</control>
					</control> -->
					<control type="group">
						<width>117</width>
						<visible>![String.IsEmpty(Window(Home).Property(nimbus.tmdbRating)) | Skin.HasSetting(Disable.TMDbRating)]</visible>
						<control type="image">
							<left>7</left>
							<width>60</width>
							<height>38</height>
							<aspectratio>keep</aspectratio>
							<aligny>center</aligny>
							<texture colordiffuse="artwork_dim">$INFO[Window(Home).Property(nimbus.tmdbImage)]</texture>
						</control>
						<control type="label">
							<left>80</left>
							<width>55</width>
							<height>38</height>
							<align>left</align>
							<aligny>center</aligny>
							<label>$INFO[Window(Home).Property(nimbus.tmdbRating)]</label>
							<font>font27</font>
							<textcolor>unfocused_text</textcolor>
						</control>
					</control>
					<control type="group">
						<width>49</width>
						<height>35</height>
						<animation effect="fade" time="300">VisibleChange</animation>
						<visible>
							[!String.EndsWith(Container.PluginCategory,Collection) + !String.EndsWith(Container.PluginCategory,Saga) | String.IsEqual(Container.PluginCategory,Movies Collection)] + 
							String.IsEqual(Window(Home).Property(nimbus.belongs_to_collection),true) + 
							[
								[!String.IsEmpty(Window(Home).Property(nimbus.metascore)) + !Skin.HasSetting(Disable.MetacriticRating)] | 
								[!String.IsEmpty(Window(Home).Property(nimbus.tomatoMeter)) + !Skin.HasSetting(Disable.RTCRating)] | 
								[!String.IsEmpty(Window(Home).Property(nimbus.tomatoUserMeter)) + !Skin.HasSetting(Disable.RTARating)] | 
								[!String.IsEmpty(Window(Home).Property(nimbus.imdbRating)) + !Skin.HasSetting(Disable.IMDbRating)] | 
								[!String.IsEmpty(Window(Home).Property(nimbus.popularRating)) + !Skin.HasSetting(Disable.IMDbPopularRating)] | 
								[!String.IsEmpty(Window(Home).Property(nimbus.tmdbRating)) + !Skin.HasSetting(Disable.TMDbRating)]
							]
						</visible>
						<control type="image">
							<left>14</left>
							<top>0</top>
							<width>35</width>
							<height>35</height>
							<fadetime>0</fadetime>
							<aspectratio align="center" aligny="center">keep</aspectratio>
							<texture colordiffuse="$VAR[MenuSelectorColor]">$VAR[CollectionStatus]</texture>
						</control>
					</control>
					<control type="group">
						<width>92</width>
						<height>38</height>
						<visible>
							!String.IsEmpty(ListItem.Status) + 
							!String.IsEqual(Container.PluginName,plugin.video.otaku) + 
							$EXP[isTVShow] +
							[
								[!String.IsEmpty(Window(Home).Property(nimbus.metascore)) + !Skin.HasSetting(Disable.MetacriticRating)] | 
								[!String.IsEmpty(Window(Home).Property(nimbus.tomatoMeter)) + !Skin.HasSetting(Disable.RTCRating)] | 
								[!String.IsEmpty(Window(Home).Property(nimbus.tomatoUserMeter)) + !Skin.HasSetting(Disable.RTARating)] | 
								[!String.IsEmpty(Window(Home).Property(nimbus.imdbRating)) + !Skin.HasSetting(Disable.IMDbRating)] | 
								[!String.IsEmpty(Window(Home).Property(nimbus.popularRating)) + !Skin.HasSetting(Disable.IMDbPopularRating)] | 
								[!String.IsEmpty(Window(Home).Property(nimbus.tmdbRating)) + !Skin.HasSetting(Disable.TMDbRating)]
							]
						</visible>
						<control type="image">
							<left>7</left>
							<top>0</top>
							<width>51</width>
							<height>36</height>
							<fadetime>0</fadetime>
							<aspectratio align="left" aligny="center">keep</aspectratio>
							<texture colordiffuse="artwork_dim">$VAR[TVShowStatusIcon]</texture>
						</control>
					</control>
					<!-- <control type="group">
						<width>92</width>
						<height>38</height>
						<visible>
							Skin.HasSetting(Enable.StudioLogos) + 
							!String.IsEmpty($PARAM[infolabel_prefix]ListItem.Studio) + 
							[
									[!String.IsEmpty(Window(Home).Property(nimbus.metascore)) + !Skin.HasSetting(Disable.MetacriticRating)] | 
									[!String.IsEmpty(Window(Home).Property(nimbus.tomatoMeter)) + !Skin.HasSetting(Disable.RTCRating)] | 
									[!String.IsEmpty(Window(Home).Property(nimbus.tomatoUserMeter)) + !Skin.HasSetting(Disable.RTARating)] | 
									[!String.IsEmpty(Window(Home).Property(nimbus.imdbRating)) + !Skin.HasSetting(Disable.IMDbRating)] | 
									[!String.IsEmpty(Window(Home).Property(nimbus.popularRating)) + !Skin.HasSetting(Disable.IMDbPopularRating)] | 
									[!String.IsEmpty(Window(Home).Property(nimbus.tmdbRating)) + !Skin.HasSetting(Disable.TMDbRating)]
							]
						</visible>
						<control type="image">
							<left>7</left>
							<top>0</top>
							<width>75</width>
							<height>38</height>
							<fadetime>0</fadetime>
							<aspectratio align="left" aligny="center">scale</aspectratio>
							<texture colordiffuse="artwork_dim">$INFO[$PARAM[infolabel_prefix]ListItem.Studio,resource://resource.images.studios.coloured/,.png]</texture>
						</control>
					</control> -->
				</control>
				<control type="grouplist">
					<animation effect="fade" time="400">VisibleChange</animation>
					<width>150</width>
					<left>835</left>
					<bottom>90</bottom>
					<height>915</height>
					<orientation>vertical</orientation>
					<itemgap>33</itemgap>
					<aligny>center</aligny>
					<align>center</align>
					<visible>
						!Player.HasMedia + 
						[
							[Container.Content(movies) + String.IsEqual(Skin.String(ListArtworkChoice.movies),1)] | 
							[Container.Content(tvshows) + String.IsEqual(Skin.String(ListArtworkChoice.tvshows),1)] | 
							[Container.Content(seasons) + String.IsEqual(Skin.String(ListArtworkChoice.seasons),1)] | 
							[Container.Content(episodes) + String.IsEqual(Skin.String(ListArtworkChoice.episodes),1)]
						] + 
						!String.IsEmpty(ListItem.Genre) + 
						$EXP[isContent]
					</visible>
					<control type="group">
						<width>150</width>
						<height>38</height>
						<visible>![String.IsEmpty(Window(Home).Property(nimbus.metascore)) | Skin.HasSetting(Disable.MetacriticRating)]</visible>
						<control type="image">
							<left>0</left>
							<width>50</width>
							<height>38</height>
							<aspectratio>keep</aspectratio>
							<aligny>center</aligny>
							<texture colordiffuse="artwork_dim">$INFO[Window(Home).Property(nimbus.metascoreImage)]</texture>
						</control>
						<control type="label">
							<right>0</right>
							<width>95</width>
							<height>38</height>
							<align>right</align>
							<aligny>center</aligny>
							<label>$INFO[Window(Home).Property(nimbus.metascore)]%</label>
							<font>font27</font>
							<textcolor>unfocused_text</textcolor>
						</control>
					</control>
					<control type="group">
						<width>150</width>
						<height>38</height>
						<visible>![String.IsEmpty(Window(Home).Property(nimbus.tomatoMeter)) | Skin.HasSetting(Disable.RTCRating)]</visible>
						<control type="image">
							<left>0</left>
							<width>50</width>
							<height>38</height>
							<aspectratio>keep</aspectratio>
							<aligny>center</aligny>
							<texture colordiffuse="artwork_dim">$INFO[Window(Home).Property(nimbus.tomatoImage)]</texture>
						</control>
						<control type="label">
							<right>0</right>
							<width>95</width>
							<height>38</height>
							<align>right</align>
							<aligny>center</aligny>
							<label>$INFO[Window(Home).Property(nimbus.tomatoMeter)]%</label>
							<font>font27</font>
							<textcolor>unfocused_text</textcolor>
						</control>
					</control>
					<control type="group">
						<width>150</width>
						<height>38</height>
						<visible>![String.IsEmpty(Window(Home).Property(nimbus.tomatoUserMeter)) | Skin.HasSetting(Disable.RTARating)]</visible>
						<control type="image">
							<left>0</left>
							<width>45</width>
							<height>38</height>
							<aspectratio>keep</aspectratio>
							<aligny>center</aligny>
							<texture colordiffuse="artwork_dim">$INFO[Window(Home).Property(nimbus.tomatoUserImage)]</texture>
						</control>
						<control type="label">
							<right>0</right>
							<width>100</width>
							<height>38</height>
							<align>right</align>
							<aligny>center</aligny>
							<label>$INFO[Window(Home).Property(nimbus.tomatoUserMeter)]%</label>
							<font>font27</font>
							<textcolor>unfocused_text</textcolor>
						</control>
					</control>
					<control type="group">
						<width>150</width>
						<height>38</height>
						<visible>![String.IsEmpty(Window(Home).Property(nimbus.imdbRating)) | Skin.HasSetting(Disable.IMDbRating)]</visible>
						<control type="image">
							<left>0</left>
							<width>74</width>
							<height>38</height>
							<aspectratio>keep</aspectratio>
							<aligny>center</aligny>
							<texture colordiffuse="artwork_dim">$INFO[Window(Home).Property(nimbus.imdbImage)]</texture>
						</control>
						<control type="label">
							<right>0</right>
							<width>71</width>
							<height>38</height>
							<align>right</align>
							<aligny>center</aligny>
							<label>$INFO[Window(Home).Property(nimbus.imdbRating)]</label>
							<font>font27</font>
							<textcolor>unfocused_text</textcolor>
						</control>
					</control>
					<control type="group">
						<width>150</width>
						<height>38</height>
						<visible>![String.IsEmpty(Window(Home).Property(nimbus.popularRating)) | Skin.HasSetting(Disable.IMDbPopularRating)]</visible>
						<control type="image">
							<left>0</left>
							<width>29</width>
							<height>35</height>
							<aspectratio>keep</aspectratio>
							<aligny>center</aligny>
							<texture colordiffuse="artwork_dim">$INFO[Window(Home).Property(nimbus.popularImage)]</texture>
						</control>
						<control type="label">
							<right>0</right>
							<width>116</width>
							<height>38</height>
							<align>right</align>
							<aligny>center</aligny>
							<label>$INFO[Window(Home).Property(nimbus.popularRating)]</label>
							<font>font27</font>
							<textcolor>unfocused_text</textcolor>
						</control>
					</control>
					<control type="group">
						<width>150</width>
						<height>38</height>
						<visible>![String.IsEmpty(Window(Home).Property(nimbus.tmdbRating)) | Skin.HasSetting(Disable.TMDbRating)]</visible>
						<control type="image">
							<left>0</left>
							<width>60</width>
							<height>38</height>
							<aspectratio>keep</aspectratio>
							<aligny>center</aligny>
							<texture colordiffuse="artwork_dim">$INFO[Window(Home).Property(nimbus.tmdbImage)]</texture>
						</control>
						<control type="label">
							<right>0</right>
							<width>85</width>
							<height>38</height>
							<align>right</align>
							<aligny>center</aligny>
							<label>$INFO[Window(Home).Property(nimbus.tmdbRating)]</label>
							<font>font27</font>
							<textcolor>unfocused_text</textcolor>
						</control>
					</control>
					<control type="label">
						<width>1</width>
						<height>-37</height>
						<label></label>
					</control>
					<control type="image">
						<width>150</width>
						<height>45</height>
						<aspectratio align="center" aligny="center">keep</aspectratio>
						<texture colordiffuse="$VAR[MenuSelectorColor]">$VAR[CollectionStatus]</texture>
						<animation effect="fade" time="300">VisibleChange</animation>
						<visible>
							[!String.EndsWith(Container.PluginCategory,Collection) + !String.EndsWith(Container.PluginCategory,Saga) | String.IsEqual(Container.PluginCategory,Movies Collection)] + 
							String.IsEqual(Window(Home).Property(nimbus.belongs_to_collection),true) + 
							[
								[!String.IsEmpty(Window(Home).Property(nimbus.metascore)) + !Skin.HasSetting(Disable.MetacriticRating)] | 
								[!String.IsEmpty(Window(Home).Property(nimbus.tomatoMeter)) + !Skin.HasSetting(Disable.RTCRating)] | 
								[!String.IsEmpty(Window(Home).Property(nimbus.tomatoUserMeter)) + !Skin.HasSetting(Disable.RTARating)] | 
								[!String.IsEmpty(Window(Home).Property(nimbus.imdbRating)) + !Skin.HasSetting(Disable.IMDbRating)] | 
								[!String.IsEmpty(Window(Home).Property(nimbus.popularRating)) + !Skin.HasSetting(Disable.IMDbPopularRating)] | 
								[!String.IsEmpty(Window(Home).Property(nimbus.tmdbRating)) + !Skin.HasSetting(Disable.TMDbRating)]
							]
						</visible>
					</control>
					<control type="image">
						<width>150</width>
						<height>45</height>
						<aspectratio align="center" aligny="center">keep</aspectratio>
						<texture colordiffuse="artwork_dim">$VAR[TVShowStatusIcon]</texture>
						<visible>
							!String.IsEmpty(ListItem.Status) + 
							!String.IsEqual(Container.PluginName,plugin.video.otaku) + 
							$EXP[isTVShow] +
							[
								[!String.IsEmpty(Window(Home).Property(nimbus.metascore)) + !Skin.HasSetting(Disable.MetacriticRating)] | 
								[!String.IsEmpty(Window(Home).Property(nimbus.tomatoMeter)) + !Skin.HasSetting(Disable.RTCRating)] | 
								[!String.IsEmpty(Window(Home).Property(nimbus.tomatoUserMeter)) + !Skin.HasSetting(Disable.RTARating)] | 
								[!String.IsEmpty(Window(Home).Property(nimbus.imdbRating)) + !Skin.HasSetting(Disable.IMDbRating)] | 
								[!String.IsEmpty(Window(Home).Property(nimbus.popularRating)) + !Skin.HasSetting(Disable.IMDbPopularRating)] | 
								[!String.IsEmpty(Window(Home).Property(nimbus.tmdbRating)) + !Skin.HasSetting(Disable.TMDbRating)]
							]
						</visible>
					</control>
					<!-- <control type="grouplist">
						<width>150</width>
						<height>70</height>
						<orientation>horizontal</orientation>
						<align>center</align>
						<itemgap>0</itemgap>
						<control type="image">
							<width>75</width>
							<height>45</height>
							<aspectratio align="left" aligny="center">keep</aspectratio>
							<texture colordiffuse="$VAR[MenuSelectorColor]">$VAR[CollectionStatus]</texture>
							<visible>
								$EXP[isMovie] + 
								![String.EndsWith(Container.PluginCategory,Collection) | String.EndsWith(Container.PluginCategory,Saga)] + 
								[
										[!String.IsEmpty(Window(Home).Property(nimbus.metascore)) + !Skin.HasSetting(Disable.MetacriticRating)] | 
										[!String.IsEmpty(Window(Home).Property(nimbus.tomatoMeter)) + !Skin.HasSetting(Disable.RTCRating)] | 
										[!String.IsEmpty(Window(Home).Property(nimbus.tomatoUserMeter)) + !Skin.HasSetting(Disable.RTARating)] | 
										[!String.IsEmpty(Window(Home).Property(nimbus.imdbRating)) + !Skin.HasSetting(Disable.IMDbRating)] | 
										[!String.IsEmpty(Window(Home).Property(nimbus.popularRating)) + !Skin.HasSetting(Disable.IMDbPopularRating)] | 
										[!String.IsEmpty(Window(Home).Property(nimbus.tmdbRating)) + !Skin.HasSetting(Disable.TMDbRating)]
								]
							</visible>
						</control>
						<control type="image">
							<width>75</width>
							<height>70</height>
							<aspectratio align="right" aligny="top">keep</aspectratio>
							<texture colordiffuse="artwork_dim">$INFO[$PARAM[infolabel_prefix]ListItem.Studio,resource://resource.images.studios.coloured/,.png]</texture>
							<visible>
								Skin.HasSetting(Enable.StudioLogos) + 
								!String.IsEmpty($PARAM[infolabel_prefix]ListItem.Studio) + 
								[
										[!String.IsEmpty(Window(Home).Property(nimbus.metascore)) + !Skin.HasSetting(Disable.MetacriticRating)] | 
										[!String.IsEmpty(Window(Home).Property(nimbus.tomatoMeter)) + !Skin.HasSetting(Disable.RTCRating)] | 
										[!String.IsEmpty(Window(Home).Property(nimbus.tomatoUserMeter)) + !Skin.HasSetting(Disable.RTARating)] | 
										[!String.IsEmpty(Window(Home).Property(nimbus.imdbRating)) + !Skin.HasSetting(Disable.IMDbRating)] | 
										[!String.IsEmpty(Window(Home).Property(nimbus.popularRating)) + !Skin.HasSetting(Disable.IMDbPopularRating)] | 
										[!String.IsEmpty(Window(Home).Property(nimbus.tmdbRating)) + !Skin.HasSetting(Disable.TMDbRating)]
								]
							</visible>
						</control>
					</control> -->
					<!-- <control type="label">
						<width>1</width>
						<height>-50</height>
						<label></label>
					</control>
					<control type="image">
						<width>150</width>
						<height>70</height>
						<aspectratio>keep</aspectratio>
						<align>center</align>
						<aligny>center</aligny>
						<texture colordiffuse="artwork_dim">$INFO[$PARAM[infolabel_prefix]ListItem.Studio,resource://resource.images.studios.coloured/,.png]</texture>
						<visible>
							Skin.HasSetting(Enable.StudioLogos) + 
							!String.IsEmpty($PARAM[infolabel_prefix]ListItem.Studio) + 
							[
								[!String.IsEmpty(Window(Home).Property(nimbus.metascore)) + !Skin.HasSetting(Disable.MetacriticRating)] | 
								[!String.IsEmpty(Window(Home).Property(nimbus.tomatoMeter)) + !Skin.HasSetting(Disable.RTCRating)] | 
								[!String.IsEmpty(Window(Home).Property(nimbus.tomatoUserMeter)) + !Skin.HasSetting(Disable.RTARating)] | 
								[!String.IsEmpty(Window(Home).Property(nimbus.imdbRating)) + !Skin.HasSetting(Disable.IMDbRating)] | 
								[!String.IsEmpty(Window(Home).Property(nimbus.popularRating)) + !Skin.HasSetting(Disable.IMDbPopularRating)] | 
								[!String.IsEmpty(Window(Home).Property(nimbus.tmdbRating)) + !Skin.HasSetting(Disable.TMDbRating)]
							]
						</visible>
					</control> -->
				</control>
				<include content="ListContainer">
					<param name="list_id" value="50" />
					<param name="left" value="1018" />
					<param name="viewtype_label" value="$LOCALIZE[535]" />
				</include>
				<control type="group">
					<depth>DepthContentPanel</depth>
					<control type="group">
						<right>0</right>
						<width>634</width>
						<!-- <include content="RightListPanel">
							<param name="list_id" value="50" />
						</include> -->
						<!-- <control type="image">
							<top>0</top>
							<bottom>0</bottom>
							<width>7</width>
							<right>-7</right>
							<texture >colors/black.png</texture>
							<animation effect="slide" end="-7,0" time="300" tween="sine" easing="inout" condition="Control.HasFocus(50600)">Conditional</animation>
						</control> -->
						<!-- <control type="scrollbar" id="50600">
							<right>-7</right>
							<top>0</top>
							<width>7</width>
							<bottom>0</bottom>
							<onleft>50</onleft>
							<onright>50</onright>
							<orientation>vertical</orientation>
							<animation effect="slide" end="-7,0" time="300" tween="sine" easing="inout" condition="Control.HasFocus(50600)">Conditional</animation>
						</control> -->
						<control type="scrollbar" id="50600">
							<visible>Control.IsVisible(50) + !$EXP[sidebar_visible]</visible>
							<top>0</top>
							<right>-7</right>
							<width>7</width>
							<bottom>0</bottom>
							<orientation>vertical</orientation>
							<texturesliderbar colordiffuse="$VAR[MenuSelectorColor]">colors/white.png</texturesliderbar>
							<texturesliderbarfocus colordiffuse="$VAR[MenuSelectorColor]">colors/white.png</texturesliderbarfocus>
							<!-- Animation for right-side scrollbar -->
							<animation effect="slide" end="-7,0" time="300" tween="sine" easing="inout" condition="
							[
								[Container.Scrolling + ![Container.Content(addons) | String.IsEmpty(Container.Content())]] | 
								Control.HasFocus(50600)
							] + 
							![
								[Container.Content(movies) + String.IsEqual(Skin.String(ListArtworkChoice.movies),2)] | 
								[Container.Content(tvshows) + String.IsEqual(Skin.String(ListArtworkChoice.tvshows),2)] | 
								[Container.Content(seasons) + String.IsEqual(Skin.String(ListArtworkChoice.seasons),2)] | 
								[Container.Content(episodes) + String.IsEqual(Skin.String(ListArtworkChoice.episodes),2)] | 
								[Container.Content(videos) + String.IsEqual(Skin.String(ListArtworkChoice.videos),2)] |  
								[Container.Content(addons) + String.IsEqual(Skin.String(ListArtworkChoice.addons),2)] | [Container.Content(files) + String.IsEqual(Skin.String(ListArtworkChoice.files),2)] | [Container.Content(favourites) + String.IsEqual(Skin.String(ListArtworkChoice.favourites),2)] | 
								[Container.Content() + String.IsEqual(Skin.String(ListArtworkChoice.),2)]
							]">Conditional</animation>
							<!-- Animation for left-side scrollbar -->
							<animation effect="slide" end="7,0" time="300" tween="sine" easing="inout" condition="
							[
								[Container.Scrolling + ![Container.Content(addons) | String.IsEmpty(Container.Content())]] | 
								Control.HasFocus(50600)
							] + 
							[
								[Container.Content(movies) + String.IsEqual(Skin.String(ListArtworkChoice.movies),2)] | 
								[Container.Content(tvshows) + String.IsEqual(Skin.String(ListArtworkChoice.tvshows),2)] | 
								[Container.Content(seasons) + String.IsEqual(Skin.String(ListArtworkChoice.seasons),2)] | 
								[Container.Content(episodes) + String.IsEqual(Skin.String(ListArtworkChoice.episodes),2)] | 
								[Container.Content(videos) + String.IsEqual(Skin.String(ListArtworkChoice.videos),2)] | 
								[Container.Content(addons) + String.IsEqual(Skin.String(ListArtworkChoice.addons),2)] | [Container.Content(files) + String.IsEqual(Skin.String(ListArtworkChoice.files),2)] | [Container.Content(favourites) + String.IsEqual(Skin.String(ListArtworkChoice.favourites),2)] |
								[Container.Content() + String.IsEqual(Skin.String(ListArtworkChoice.),2)]
							]">Conditional</animation>
							<animation type="Conditional" condition="[Container.Content(movies) + String.IsEqual(Skin.String(ListArtworkChoice.movies),2)] | [Container.Content(tvshows) + String.IsEqual(Skin.String(ListArtworkChoice.tvshows),2)] | [Container.Content(seasons) + String.IsEqual(Skin.String(ListArtworkChoice.seasons),2)] | [Container.Content(episodes) + String.IsEqual(Skin.String(ListArtworkChoice.episodes),2)] | [Container.Content(videos) + String.IsEqual(Skin.String(ListArtworkChoice.videos),2)] | [Container.Content(addons) + String.IsEqual(Skin.String(ListArtworkChoice.addons),2)] | [Container.Content(files) + String.IsEqual(Skin.String(ListArtworkChoice.files),2)] | [Container.Content(favourites) + String.IsEqual(Skin.String(ListArtworkChoice.favourites),2)] | [Container.Content() + String.IsEqual(Skin.String(ListArtworkChoice.),2)]">
								<effect type="slide" start="0,0" end="-1927,0" time="0" />
							</animation>
							<onleft condition="[Container.Content(movies) + !String.IsEqual(Skin.String(ListArtworkChoice.movies),2)] | [Container.Content(tvshows) + !String.IsEqual(Skin.String(ListArtworkChoice.tvshows),2)] | [Container.Content(seasons) + !String.IsEqual(Skin.String(ListArtworkChoice.seasons),2)] | [Container.Content(episodes) + !String.IsEqual(Skin.String(ListArtworkChoice.episodes),2)] | [Container.Content(videos) + !String.IsEqual(Skin.String(ListArtworkChoice.videos),2)] | [Container.Content(addons) + !String.IsEqual(Skin.String(ListArtworkChoice.addons),2)] | [Container.Content(files) + !String.IsEqual(Skin.String(ListArtworkChoice.files),2)] | [Container.Content(favourites) + !String.IsEqual(Skin.String(ListArtworkChoice.favourites),2)] | [Container.Content() + !String.IsEqual(Skin.String(ListArtworkChoice.),2)]">50</onleft>
							<onright condition="[Container.Content(movies) + !String.IsEqual(Skin.String(ListArtworkChoice.movies),2)] | [Container.Content(tvshows) + !String.IsEqual(Skin.String(ListArtworkChoice.tvshows),2)] | [Container.Content(seasons) + !String.IsEqual(Skin.String(ListArtworkChoice.seasons),2)] | [Container.Content(episodes) + !String.IsEqual(Skin.String(ListArtworkChoice.episodes),2)] | [Container.Content(videos) + !String.IsEqual(Skin.String(ListArtworkChoice.videos),2)] | [Container.Content(addons) + !String.IsEqual(Skin.String(ListArtworkChoice.addons),2)] | [Container.Content(files) + !String.IsEqual(Skin.String(ListArtworkChoice.files),2)] | [Container.Content(favourites) + !String.IsEqual(Skin.String(ListArtworkChoice.favourites),2)] | [Container.Content() + !String.IsEqual(Skin.String(ListArtworkChoice.),2)]">50</onright>
							<onleft condition="[Container.Content(movies) + String.IsEqual(Skin.String(ListArtworkChoice.movies),2)] | [Container.Content(tvshows) + String.IsEqual(Skin.String(ListArtworkChoice.tvshows),2)] | [Container.Content(seasons) + String.IsEqual(Skin.String(ListArtworkChoice.seasons),2)] | [Container.Content(episodes) + String.IsEqual(Skin.String(ListArtworkChoice.episodes),2)] | [Container.Content(videos) + String.IsEqual(Skin.String(ListArtworkChoice.videos),2)] | [Container.Content(addons) + String.IsEqual(Skin.String(ListArtworkChoice.addons),2)] | [Container.Content(files) + String.IsEqual(Skin.String(ListArtworkChoice.files),2)] | [Container.Content(favourites) + String.IsEqual(Skin.String(ListArtworkChoice.favourites),2)] | [Container.Content() + String.IsEqual(Skin.String(ListArtworkChoice.),2)]">9000</onleft>
							<onright condition="[Container.Content(movies) + String.IsEqual(Skin.String(ListArtworkChoice.movies),2)] | [Container.Content(tvshows) + String.IsEqual(Skin.String(ListArtworkChoice.tvshows),2)] | [Container.Content(seasons) + String.IsEqual(Skin.String(ListArtworkChoice.seasons),2)] | [Container.Content(episodes) + String.IsEqual(Skin.String(ListArtworkChoice.episodes),2)] | [Container.Content(videos) + String.IsEqual(Skin.String(ListArtworkChoice.videos),2)] | [Container.Content(addons) + String.IsEqual(Skin.String(ListArtworkChoice.addons),2)] | [Container.Content(files) + String.IsEqual(Skin.String(ListArtworkChoice.files),2)] | [Container.Content(favourites) + String.IsEqual(Skin.String(ListArtworkChoice.favourites),2)] | [Container.Content() + String.IsEqual(Skin.String(ListArtworkChoice.),2)]">50</onright>
					</control>
				</control>
			</control>
		</control>
	</include>

	<include name="RightListPanel">
		<control type="group">
			<depth>DepthContentPanel</depth>
			<control type="group">
				<right>-32</right>
				<!-- right content panel -->
				<!-- <include content="ContentPanel">
					<param name="left" value="-150" />
					<param name="top" value="-20" />
					<param name="width" value="806" />
					<param name="flipx" value="true" />
				</include> -->
				<control type="group">
					<visible>!Container.Content(songs)</visible>
					<control type="image">
						<depth>DepthContentPopout</depth>
						<left>48</left>
						<top>160</top>
						<width>540</width>
						<height>850</height>
						<bottom>124</bottom>
						<fadetime>200</fadetime>
						<aspectratio aligny="top">keep</aspectratio>
						<texture diffuse="masks/poster-50.png" fallback="DefaultVideo.png" background="true">$VAR[FlixThumbVar]</texture>
					</control>
					<control type="group">
						<left>540</left>
						<top>143</top>
						<!-- <include content="RatingCircle">
							<param name="animation" value="True" />
							<param name="left">-72</param>
							<param name="top">17</param>
							<param name="width">119</param>
							<param name="height">119</param>
							<param name="label-left">-16</param>
							<param name="label-top">38</param>
							<param name="cornerdiffuse">overlays/overlaybg4.png</param>
						</include> -->
					</control>
					<include content="ProgressBar">
						<!-- 48 -->
						<param name="left" value="100"/>
						<param name="top" value="120"/>
						<param name="width" value="435"/>
					</include>
				</control>
				<control type="group">
					<visible>Control.IsVisible(503) + Window.IsActive(musicplaylist)</visible>
					<control type="image">
						<left>58</left>
						<top>110</top>
						<width>540</width>
						<height>470</height>
						<aspectratio aligny="bottom">keep</aspectratio>
						<fadetime>300</fadetime>
						<texture fallback="DefaultAudio.png" background="true">$INFO[Player.Icon]</texture>
					</control>
					<control type="group">
						<left>301</left>
						<top>560</top>
						<control type="group">
							<animation effect="fade" time="0" condition="$PARAM[animation]">VisibleChange</animation>
							<include content="UserRatingContent" condition="Skin.HasSetting(circle_userrating)">
								<param name="infolabel" value="MusicPlayer.UserRating" />
							</include>
							<include content="UserRatingContent" condition="Skin.HasSetting(circle_rating)">
								<param name="infolabel" value="MusicPlayer.Rating" />
							</include>
						</control>
					</control>
					<control type="textbox" id="15599">
						<visible>Player.HasAudio + Window.IsActive(musicplaylist)</visible>
						<left>58</left>
						<top>600</top>
						<width>540</width>
						<bottom>70</bottom>
						<autoscroll time="3000" delay="7000" repeat="5000">!System.HasModalDialog + Skin.HasSetting(AutoScroll)</autoscroll>
						<label>[COLOR button_focus][B]$LOCALIZE[31000]: [/COLOR]$INFO[musicplayer.Playlistposition,]$INFO[musicplayer.Playlistlength,/][/B][CR]$VAR[NowPlayingInfoVar]</label>
					</control>
					<control type="textbox" id="15599">
						<visible>!Player.HasAudio + Window.IsActive(musicplaylist)</visible>
						<left>58</left>
						<top>640</top>
						<width>540</width>
						<bottom>70</bottom>
						<autoscroll time="3000" delay="7000" repeat="5000">!System.HasModalDialog + Skin.HasSetting(AutoScroll)</autoscroll>
						<label>[COLOR button_focus][B]$LOCALIZE[31000]: [/COLOR]$LOCALIZE[36623][/B]</label>
					</control>
				</control>
			</control>
		</control>
	</include>

	<include name="ListContainer">
		<param name="left">45</param>
		<param name="right">0</param>
		<definition>
			<control type="group">
				<left>$PARAM[left]</left>
				<right>$PARAM[right]</right>
				<animation effect="slide" start="0,0" end="-75,0" tween="cubic" easing="in" time="500" 
				condition="Container.Content(addons) + !String.StartsWith(Container.PluginName,plugin.video.otaku) + !String.IsEqual(Skin.String(ListArtworkChoice.addons),2)">Conditional</animation>
				<animation condition="
					$EXP[isContent] + 
					[
						[Container.Content(movies) + String.IsEqual(Skin.String(ListArtworkChoice.movies),1)] | 
						[Container.Content(tvshows) + String.IsEqual(Skin.String(ListArtworkChoice.tvshows),1)] | 
						[Container.Content(seasons) + String.IsEqual(Skin.String(ListArtworkChoice.seasons),1)] | 
						[Container.Content(episodes) + String.IsEqual(Skin.String(ListArtworkChoice.episodes),1)]
					] +
					[
						[String.IsEmpty(Window(Home).Property(nimbus.metascore)) | Skin.HasSetting(Disable.MetacriticRating)] + 
						[String.IsEmpty(Window(Home).Property(nimbus.tomatoMeter)) | Skin.HasSetting(Disable.RTCRating)] + 
						[String.IsEmpty(Window(Home).Property(nimbus.tomatoUserMeter)) | Skin.HasSetting(Disable.RTARating)] + 
						[String.IsEmpty(Window(Home).Property(nimbus.imdbRating)) | Skin.HasSetting(Disable.IMDbRating)] + 
						[String.IsEmpty(Window(Home).Property(nimbus.popularRating)) | Skin.HasSetting(Disable.IMDbPopularRating)] + 
						[String.IsEmpty(Window(Home).Property(nimbus.tmdbRating)) | Skin.HasSetting(Disable.TMDbRating)]
					]" 
					reversible="true">
					<effect type="slide" start="0,0" end="-100,0" delay="200" time="500" tween="cubic" easing="inout" />
				</animation>
				<animation condition="
					[Container.Content(movies) + String.IsEqual(Skin.String(ListArtworkChoice.movies),2)] | 
					[Container.Content(tvshows) + String.IsEqual(Skin.String(ListArtworkChoice.tvshows),2)] | 
					[Container.Content(seasons) + String.IsEqual(Skin.String(ListArtworkChoice.seasons),2)] | 
					[Container.Content(episodes) + String.IsEqual(Skin.String(ListArtworkChoice.episodes),2)] | 
					[Container.Content(videos) + String.IsEqual(Skin.String(ListArtworkChoice.videos),2)] | 
					[Container.Content(files) + String.IsEqual(Skin.String(ListArtworkChoice.files),2)] | 
					[Container.Content(favourites) + String.IsEqual(Skin.String(ListArtworkChoice.favourites),2)] | 
					[Container.Content() + String.IsEqual(Skin.String(ListArtworkChoice.),2)] |
					[Container.Content(addons) + String.IsEqual(Skin.String(ListArtworkChoice.addons),2)]" reversible="false">
					<effect type="slide" start="0,0" end="-930,0" time="0" tween="cubic" easing="inout" />
				</animation>
				<control type="label">
					<include>ListLandscapeSlideAnimations</include>
					<left>30</left>
					<top>80</top>
					<width>810</width>
					<label>$VAR[ListLandscapeHeaderVar]</label>
					<font>font27</font>
					<textcolor>$VAR[MenuSelectorColor]</textcolor>
					<shadowcolor>text_shadow</shadowcolor>
					<align>left</align>
				</control>
				<control type="fixedlist" id="$PARAM[list_id]">
					<top>120</top>
					<bottom>90</bottom>
					<movement>6</movement>
					<focusposition>5</focusposition>
					<scrolltime tween="cubic" easing="out">500</scrolltime>
					<orientation>vertical</orientation>
					<pagecontrol>50600</pagecontrol>
					<!-- LANDSCAPE + POSTER -->
					<onleft condition="[Container.Content(movies) + !String.IsEqual(Skin.String(ListArtworkChoice.movies),2)] | [Container.Content(tvshows) + !String.IsEqual(Skin.String(ListArtworkChoice.tvshows),2)] | [Container.Content(seasons) + !String.IsEqual(Skin.String(ListArtworkChoice.seasons),2)] | [Container.Content(episodes) + !String.IsEqual(Skin.String(ListArtworkChoice.episodes),2)] | [Container.Content(videos) + !String.IsEqual(Skin.String(ListArtworkChoice.videos),2)] | [Container.Content(addons) + !String.IsEqual(Skin.String(ListArtworkChoice.addons),2)] | [Container.Content(files) + !String.IsEqual(Skin.String(ListArtworkChoice.files),2)] | [Container.Content(favourites) + !String.IsEqual(Skin.String(ListArtworkChoice.favourites),2)] | [Container.Content() + !String.IsEqual(Skin.String(ListArtworkChoice.),2)]">9000</onleft>
							<!-- ONRIGHT SCROLLBAR -->
							<onright condition="[$EXP[isMovie] | $EXP[isTVShow]] + String.IsEqual(Skin.String(OnRightSetting.MovieTV),0)">50600</onright>
							<onright condition="![$EXP[isMovie] | $EXP[isTVShow]] + String.IsEqual(Skin.String(OnRightSetting.Other),0)">50600</onright>
							<!-- ONRIGHT TRAILER (MOVIES/TVSHOWS) -->
							<onright condition="[$EXP[isMovie] | $EXP[isTVShow]] + String.IsEqual(Skin.String(OnRightSetting.MovieTV),1)">$VAR[AutoplayTrailerSource]</onright>
							<onright condition="[$EXP[isMovie] | $EXP[isTVShow]] + String.IsEqual(Skin.String(OnRightSetting.MovieTV),1)">Skin.SetString(TrailerPlaying, true)</onright>
							<!-- ONRIGHT INFORMATION -->
							<onright condition="[$EXP[isMovie] | $EXP[isTVShow]] + String.IsEqual(Skin.String(OnRightSetting.MovieTV),2)">info</onright>
							<onright condition="![$EXP[isMovie] | $EXP[isTVShow]] + String.IsEqual(Skin.String(OnRightSetting.Other),1) + [Container.Content(seasons) | Container.Content(episodes)]">info</onright>
							<!-- ONRIGHT OTHER CONTENT -->
							<onright condition="![$EXP[isMovie] | $EXP[isTVShow]] + String.IsEqual(Skin.String(OnRightSetting.Other),1) + [Container.Content(addons) | Container.Content(files) | Container.Content(favourites) | Container.Content()]">50600</onright>
					<!-- FANART -->
					<onleft condition="[Container.Content(movies) + String.IsEqual(Skin.String(ListArtworkChoice.movies),2)] | [Container.Content(tvshows) + String.IsEqual(Skin.String(ListArtworkChoice.tvshows),2)] | [Container.Content(seasons) + String.IsEqual(Skin.String(ListArtworkChoice.seasons),2)] | [Container.Content(episodes) + String.IsEqual(Skin.String(ListArtworkChoice.episodes),2)] | [Container.Content(videos) + String.IsEqual(Skin.String(ListArtworkChoice.videos),2)] | [Container.Content(addons) + String.IsEqual(Skin.String(ListArtworkChoice.addons),2)] | [Container.Content(files) + String.IsEqual(Skin.String(ListArtworkChoice.files),2)] | [Container.Content(favourites) + String.IsEqual(Skin.String(ListArtworkChoice.favourites),2)] | [Container.Content() + String.IsEqual(Skin.String(ListArtworkChoice.),2)]">50600</onleft>
							<!-- ONRIGHT SCROLLBAR -->
							<!-- <onright condition="String.IsEqual(Skin.String(OnRightSetting),0) + [Container.Content(movies) + String.IsEqual(Skin.String(ListArtworkChoice.movies),2)] | [Container.Content(tvshows) + String.IsEqual(Skin.String(ListArtworkChoice.tvshows),2)] | [Container.Content(seasons) + String.IsEqual(Skin.String(ListArtworkChoice.seasons),2)] | [Container.Content(episodes) + String.IsEqual(Skin.String(ListArtworkChoice.episodes),2)] | [Container.Content(addons) + String.IsEqual(Skin.String(ListArtworkChoice.addons),2)] | [Container.Content(files) + String.IsEqual(Skin.String(ListArtworkChoice.files),2)] | [Container.Content(favourites) + String.IsEqual(Skin.String(ListArtworkChoice.favourites),2)] | [Container.Content() + String.IsEqual(Skin.String(ListArtworkChoice.),2)]">50600</onright> -->
							<!-- ONRIGHT TRAILER -->
							<!-- <onright condition="String.IsEqual(Skin.String(OnRightSetting),1) + [Container.Content(movies) + String.IsEqual(Skin.String(ListArtworkChoice.movies),2)] | [Container.Content(tvshows) + String.IsEqual(Skin.String(ListArtworkChoice.tvshows),2)] | [Container.Content(seasons) + String.IsEqual(Skin.String(ListArtworkChoice.seasons),2)] | [Container.Content(episodes) + String.IsEqual(Skin.String(ListArtworkChoice.episodes),2)]">$VAR[AutoplayTrailerSource]</onright>
							<onright condition="String.IsEqual(Skin.String(OnRightSetting),1) + String.IsEmpty(TrailerPlaying) + [Container.Content(movies) + String.IsEqual(Skin.String(ListArtworkChoice.movies),2)] | [Container.Content(tvshows) + String.IsEqual(Skin.String(ListArtworkChoice.tvshows),2)] | [Container.Content(seasons) + String.IsEqual(Skin.String(ListArtworkChoice.seasons),2)] | [Container.Content(episodes) + String.IsEqual(Skin.String(ListArtworkChoice.episodes),2)]">Skin.SetString(TrailerPlaying, true)</onright>
							<onright condition="String.IsEqual(Skin.String(OnRightSetting),1) + [Container.Content(addons) + String.IsEqual(Skin.String(ListArtworkChoice.addons),2)] | [Container.Content(files) + String.IsEqual(Skin.String(ListArtworkChoice.files),2)] | [Container.Content(favourites) + String.IsEqual(Skin.String(ListArtworkChoice.favourites),2)] | [Container.Content() + String.IsEqual(Skin.String(ListArtworkChoice.),2)]">50600</onright> -->
							<!-- ONRIGHT INFORMATION -->
							<!-- <onright condition="String.IsEqual(Skin.String(OnRightSetting),2) + [Container.Content(movies) + String.IsEqual(Skin.String(ListArtworkChoice.movies),2)] | [Container.Content(tvshows) + String.IsEqual(Skin.String(ListArtworkChoice.tvshows),2)] | [Container.Content(seasons) + String.IsEqual(Skin.String(ListArtworkChoice.seasons),2)] | [Container.Content(episodes) + String.IsEqual(Skin.String(ListArtworkChoice.episodes),2)]">info</onright>
							<onright condition="String.IsEqual(Skin.String(OnRightSetting),2) + [Container.Content(addons) + String.IsEqual(Skin.String(ListArtworkChoice.addons),2)] | [Container.Content(files) + String.IsEqual(Skin.String(ListArtworkChoice.files),2)] | [Container.Content(favourites) + String.IsEqual(Skin.String(ListArtworkChoice.favourites),2)] | [Container.Content() + String.IsEqual(Skin.String(ListArtworkChoice.),2)]">50600</onright> -->
					<onup>$PARAM[list_id]</onup>
					<ondown>$PARAM[list_id]</ondown>
					<width>1950</width>
					<viewtype label="$PARAM[viewtype_label]">list</viewtype>
					<visible>
						[Container.Content(tvshows) + [String.IsEqual(Skin.String(Skin.ForcedView.tvshows),$PARAM[viewtype_label]) | String.IsEmpty(Skin.String(Skin.ForcedView.tvshows))]] | 

						[Container.Content(seasons) + [String.IsEqual(Skin.String(Skin.ForcedView.seasons),$PARAM[viewtype_label]) | String.IsEmpty(Skin.String(Skin.ForcedView.seasons))]] | 
						
						[Container.Content(episodes) + !String.StartsWith(Container.PluginCategory,Season) + [String.IsEqual(Skin.String(Skin.ForcedView.episodes.outside),$PARAM[viewtype_label]) | String.IsEmpty(Skin.String(Skin.ForcedView.episodes.outside))]] | 
						
						[Container.Content(episodes) + String.StartsWith(Container.PluginCategory,Season) + [String.IsEqual(Skin.String(Skin.ForcedView.episodes.inside),$PARAM[viewtype_label]) | String.IsEmpty(Skin.String(Skin.ForcedView.episodes.inside))]] | 
						
						[Container.Content(movies) + [String.IsEqual(Skin.String(Skin.ForcedView.movies),$PARAM[viewtype_label]) | String.IsEmpty(Skin.String(Skin.ForcedView.movies))]] | 
						
						[Container.Content(musicvideos) + [String.IsEqual(Skin.String(Skin.ForcedView.musicvideos),$PARAM[viewtype_label]) | String.IsEmpty(Skin.String(Skin.ForcedView.musicvideos))]] | 
						
						[Container.Content(videos) + [String.IsEqual(Skin.String(Skin.ForcedView.videos),$PARAM[viewtype_label]) | String.IsEmpty(Skin.String(Skin.ForcedView.videos))]] | 
						
						[Container.Content(games) + [String.IsEqual(Skin.String(Skin.ForcedView.games),$PARAM[viewtype_label]) | String.IsEmpty(Skin.String(Skin.ForcedView.games))]] | 
						
						[Container.Content(videoplaylist) + [String.IsEqual(Skin.String(Skin.ForcedView.videoplaylist),$PARAM[viewtype_label]) | String.IsEmpty(Skin.String(Skin.ForcedView.videoplaylist))]] | 
						
						[Container.Content(musicplaylist) + [String.IsEqual(Skin.String(Skin.ForcedView.musicplaylist),$PARAM[viewtype_label]) | String.IsEmpty(Skin.String(Skin.ForcedView.musicplaylist))]] | 
						
						[Container.Content(genres) + [String.IsEqual(Skin.String(Skin.ForcedView.genres),$PARAM[viewtype_label]) | String.IsEmpty(Skin.String(Skin.ForcedView.genres))]] | 
						
						[Container.Content(playlists) + [String.IsEqual(Skin.String(Skin.ForcedView.playlists),$PARAM[viewtype_label]) | String.IsEmpty(Skin.String(Skin.ForcedView.playlists))]] | 
						
						[Container.Content(favourites) + [String.IsEqual(Skin.String(Skin.ForcedView.favourites),$PARAM[viewtype_label]) | String.IsEmpty(Skin.String(Skin.ForcedView.favourites))]] | 
						
						[Container.Content() + [String.IsEqual(Skin.String(Skin.ForcedView.),$PARAM[viewtype_label]) | String.IsEmpty(Skin.String(Skin.ForcedView.))]] | 
						
						[Container.Content(songs) + [String.IsEqual(Skin.String(Skin.ForcedView.songs),$PARAM[viewtype_label]) | String.IsEmpty(Skin.String(Skin.ForcedView.songs))]] | 
						
						[Container.Content(addons) + [String.IsEqual(Skin.String(Skin.ForcedView.addons),$PARAM[viewtype_label]) | String.IsEmpty(Skin.String(Skin.ForcedView.addons))]] | 
						
						[!Container.Content(songs) + !Container.Content(addons) + !Container.Content(playlists) + !Container.Content() + !Container.Content(tvshows) + !Container.Content(seasons) + !Container.Content(episodes) + !Container.Content(movies) + !Container.Content(musicvideos) + !Container.Content(videos) + !Container.Content(favourites) + !Container.Content(genres)]
					</visible>
					<focusedlayout condition="[Container.Content(movies) + !String.StartsWith(Container.PluginName,plugin.video.the-loop)] | Container.Content(sets) | Container.Content(tvshows) | Container.Content(seasons) | Container.Content(episodes) | Container.Content(musicvideos) | Container.Content(games) | Window.IsActive(videoplaylist) | Window.IsActive(musicplaylist)" height="210" width="610" infoupdate="30">
						<control type="image">
							<top>-4</top>
							<bottom>7</bottom>
							<width>4</width>
							<left>11</left>
							<texture colordiffuse="$VAR[MenuSelectorColor]">colors/white.png</texture>
							<visible>!String.IsEmpty(ListItem.Plot) + Control.HasFocus($PARAM[list_id]) + !Control.HasFocus(50600)</visible>
							<animation effect="fade" start="100" end="0" time="300" condition="!Control.HasFocus($PARAM[list_id])">Conditional</animation>
						</control>
						<control type="image">
							<top>-4</top>
							<height>61</height>
							<width>4</width>
							<left>11</left>
							<texture colordiffuse="$VAR[MenuSelectorColor]">colors/white.png</texture>
							<visible>String.IsEmpty(ListItem.Plot) + Control.HasFocus($PARAM[list_id]) + !Control.HasFocus(50600)</visible>
							<animation effect="fade" start="100" end="0" time="300" condition="!Control.HasFocus($PARAM[list_id])">Conditional</animation>
						</control>
						<!-- <control type="image">
							<top>-4</top>
							<bottom>7</bottom>
							<width>4</width>
							<left>11</left>
							<texture colordiffuse="$VAR[MenuSelectorColor]">colors/white.png</texture>
							<visible>[$EXP[isContent] | [Container.Content(episodes) + !String.StartsWith(Container.PluginCategory,Season)]] + Control.HasFocus($PARAM[list_id]) + !Control.HasFocus(50600)</visible>
							<animation effect="fade" start="100" end="0" time="300" condition="!Control.HasFocus($PARAM[list_id])">Conditional</animation>
						</control>
						<control type="image">
							<top>-4</top>
							<height>61</height>
							<width>4</width>
							<left>11</left>
							<texture colordiffuse="$VAR[MenuSelectorColor]">colors/white.png</texture>
							<visible>![$EXP[isContent] | [Container.Content(episodes) + !String.StartsWith(Container.PluginCategory,Season)]] + Control.HasFocus($PARAM[list_id]) + !Control.HasFocus(50600)</visible>
							<animation effect="fade" start="100" end="0" time="300" condition="!Control.HasFocus($PARAM[list_id])">Conditional</animation>
						</control> -->
						<control type="label">
							<left>70</left>
							<width>810</width>
							<centertop>13%</centertop>
							<bottom>0</bottom>
							<aligny>center</aligny>
							<scroll>Skin.HasSetting(autoscroll)</scroll>
							<scrollspeed>300</scrollspeed>
							<font>font36_title</font>
							<label>$VAR[ListLabelVar]</label>
							<shadowcolor>text_shadow</shadowcolor>
						</control>
						<!-- <control type="textbox">
							<left>70</left>
							<width>810</width>
							<centertop>13%</centertop>
							<height>50</height>
							<aligny>center</aligny>
							<font>font36_title</font>
							<label>$VAR[ListLabelVar]</label>
							<shadowcolor>text_shadow</shadowcolor>
							<autoscroll delay="3000" time="3000" repeat="3000">Skin.HasSetting(autoscroll)</autoscroll>
						</control> -->
						<control type="label">
							<left>33</left>
							<width>810</width>
							<centertop>33%</centertop>
							<bottom>0</bottom>
							<aligny>center</aligny>
							<scroll>true</scroll>
							<scrollspeed>300</scrollspeed>
							<font>font23</font>
							<label>$VAR[InfoPanelTop]</label>
							<textcolor>$VAR[MenuSelectorColor]</textcolor>
							<shadowcolor>text_shadow</shadowcolor>
						</control>
						<control type="textbox">
							<top>97</top>
							<left>33</left>
							<width>810</width>
							<bottom>13</bottom>
							<aligny>center</aligny>
							<font>font23</font>
							<label>$VAR[RI_Plot]</label>
							<textcolor>unfocused_text</textcolor>
							<shadowcolor>text_shadow</shadowcolor>
							<autoscroll delay="7000" time="3000" repeat="7000">Skin.HasSetting(autoscroll)</autoscroll>
							<visible>!String.StartsWith(Container.PluginName,plugin.video.dramacool)</visible>
						</control>
						<control type="textbox">
							<top>65</top>
							<left>33</left>
							<width>810</width>
							<bottom>13</bottom>
							<aligny>center</aligny>
							<font>font23</font>
							<label>$VAR[RI_Plot]</label>
							<textcolor>unfocused_text</textcolor>
							<shadowcolor>text_shadow</shadowcolor>
							<autoscroll delay="7000" time="3000" repeat="7000">Skin.HasSetting(autoscroll)</autoscroll>
							<visible>String.StartsWith(Container.PluginName,plugin.video.dramacool)</visible>
						</control>
						<control type="image">
							<left>33</left>
							<top>17</top>
							<width>21</width>
							<height>21</height>
							<texture>$VAR[ListWatchedIconVar]</texture>
						</control>
						<control type="image">
							<left>33</left>
							<top>17</top>
							<width>21</width>
							<height>21</height>
							<texture>$VAR[ListWatchedIconVar]</texture>
							<animation effect="fade" time="150">VisibleChange</animation>
							<visible>Control.HasFocus($PARAM[list_id])</visible>
						</control>
						<include>VideoTrailerControl</include>
					</focusedlayout>
					<itemlayout condition="[Container.Content(movies) + !String.StartsWith(Container.PluginName,plugin.video.the-loop)] | Container.Content(sets) | Container.Content(tvshows) | Container.Content(seasons) | Container.Content(episodes) | Container.Content(musicvideos) | Container.Content(games) | Window.IsActive(videoplaylist) | Window.IsActive(musicplaylist)" height="67" width="610">
						<control type="label">
							<left>70</left>
							<width>810</width>
							<top>0</top>
							<bottom>0</bottom>
							<aligny>center</aligny>
							<font>font32</font>
							<textcolor>darkgrey</textcolor>
							<label>$VAR[ListLabelVar]</label>
							<shadowcolor>text_shadow</shadowcolor>
						</control>
						<control type="image">
							<left>33</left>
							<centertop>52%</centertop>
							<width>21</width>
							<height>21</height>
							<texture colordiffuse="darkgrey">$VAR[ListWatchedIconVar]</texture>
						</control>
					</itemlayout>
					<focusedlayout condition="!Container.Content(songs) + !Container.Content(addons) + !Container.Content(playlists) + !Container.Content() + !Container.Content(tvshows) + !Container.Content(seasons) + !Container.Content(episodes) + !Container.Content(movies) + !Container.Content(musicvideos) + !Container.Content(videos) + !Container.Content(favourites)" height="67" width="610" infoupdate="300">
						<control type="image">
							<top>-1</top>
							<bottom>3</bottom>
							<width>5</width>
							<left>10</left>
							<texture colordiffuse="$VAR[MenuSelectorColor]">colors/white.png</texture>
							<visible>Control.HasFocus($PARAM[list_id])</visible>
							<animation effect="fade" start="100" end="0" time="300" condition="!Control.HasFocus($PARAM[list_id])">Conditional</animation>
						</control>
						<control type="label">
							<left>29</left>
							<width>844</width>
							<top>0</top>
							<bottom>0</bottom>
							<aligny>center</aligny>
							<scroll>true</scroll>
							<scrollspeed>300</scrollspeed>
							<font>font36_title</font>
							<label>$VAR[ListLabelVar]</label>
							<shadowcolor>text_shadow</shadowcolor>
						</control>
						<!-- <control type="textbox">
							<left>29</left>
							<width>844</width>
							<centertop>50%</centertop>
							<height>50</height>
							<aligny>center</aligny>
							<font>font36_title</font>
							<label>$VAR[ListLabelVar]</label>
							<shadowcolor>text_shadow</shadowcolor>
							<autoscroll delay="3000" time="3000" repeat="3000">Skin.HasSetting(autoscroll)</autoscroll>
						</control> -->
					</focusedlayout>
					<itemlayout condition="!Container.Content(songs) + !Container.Content(addons) + !Container.Content(playlists) + !Container.Content() + !Container.Content(tvshows) + !Container.Content(seasons) + !Container.Content(episodes) + !Container.Content(movies) + !Container.Content(musicvideos) + !Container.Content(videos) + !Container.Content(favourites)" height="67" width="610">
						<control type="label">
							<left>29</left>
							<width>844</width>
							<top>0</top>
							<bottom>0</bottom>
							<aligny>center</aligny>
							<font>font32</font>
							<textcolor>darkgrey</textcolor>
							<label>$VAR[ListLabelVar]</label>
							<shadowcolor>text_shadow</shadowcolor>
						</control>
					</itemlayout>
					<focusedlayout condition="!String.IsEqual(Window(Home).Property(CurrentFolder),addons) + [Container.Content(playlists) | Container.Content(favourites) | Container.Content() | String.StartsWith(Container.PluginName,plugin.video)]" height="67" width="610" infoupdate="300">
						<control type="image">
							<top>-1</top>
							<bottom>3</bottom>
							<width>5</width>
							<left>10</left>
							<texture colordiffuse="$VAR[MenuSelectorColor]">colors/white.png</texture>
							<visible>Control.HasFocus($PARAM[list_id])</visible>
							<animation effect="fade" start="100" end="0" time="300" condition="!Control.HasFocus($PARAM[list_id])">Conditional</animation>
						</control>
						<control type="label">
							<left>29</left>
							<width>844</width>
							<top>0</top>
							<bottom>0</bottom>
							<aligny>center</aligny>
							<scroll>true</scroll>
							<scrollspeed>300</scrollspeed>
							<font>font36_title</font>
							<label>$VAR[ListLabelVar]</label>
							<shadowcolor>text_shadow</shadowcolor>
						</control>
						<!-- <control type="textbox">
							<left>29</left>
							<width>844</width>
							<centertop>50%</centertop>
							<height>50</height>
							<aligny>center</aligny>
							<font>font36_title</font>
							<label>$VAR[ListLabelVar]</label>
							<shadowcolor>text_shadow</shadowcolor>
							<autoscroll delay="3000" time="3000" repeat="3000">Skin.HasSetting(autoscroll)</autoscroll>
						</control> -->
					</focusedlayout>
					<itemlayout condition="!String.IsEqual(Window(Home).Property(CurrentFolder),addons) + [Container.Content(playlists) | Container.Content(favourites) | Container.Content() | String.StartsWith(Container.PluginName,plugin.video)]" height="67" width="610">
						<control type="label">
							<left>29</left>
							<width>844</width>
							<top>0</top>
							<bottom>0</bottom>
							<aligny>center</aligny>
							<font>font32</font>
							<textcolor>darkgrey</textcolor>
							<label>$VAR[ListLabelVar]</label>
							<shadowcolor>text_shadow</shadowcolor>
						</control>
					</itemlayout>
					<!-- <focusedlayout condition="Container.Content(addons) + ![String.StartsWith(Container.PluginName,plugin.video.otaku) | String.StartsWith(Container.PluginName,plugin.video.scrubsv2)]" height="210" width="610" infoupdate="30"> -->
						<focusedlayout condition="String.IsEqual(Window(Home).Property(CurrentFolder),addons) | [Container.Content(addons) + !String.StartsWith(Container.PluginName,plugin.video)]" height="210" width="610" infoupdate="30">
						<control type="image">
							<top>-4</top>
							<bottom>7</bottom>
							<width>4</width>
							<left>11</left>
							<texture colordiffuse="$VAR[MenuSelectorColor]">colors/white.png</texture>
							<visible>Control.HasFocus($PARAM[list_id]) + !Control.HasFocus(50600)</visible>
							<animation effect="fade" start="100" end="0" time="300" condition="!Control.HasFocus($PARAM[list_id])">Conditional</animation>
						</control>
						<control type="label">
							<left>79</left>
							<width>700</width>
							<centertop>13%</centertop>
							<bottom>0</bottom>
							<aligny>center</aligny>
							<scroll>true</scroll>
							<scrollspeed>300</scrollspeed>
							<font>font36_title</font>
							<label>$INFO[ListItem.Label]</label>
							<shadowcolor>text_shadow</shadowcolor>
						</control>
						<!-- <control type="textbox">
							<left>79</left>
							<width>700</width>
							<centertop>13%</centertop>
							<height>50</height>
							<aligny>center</aligny>
							<font>font36_title</font>
							<label>$VAR[ListLabelVar]</label>
							<shadowcolor>text_shadow</shadowcolor>
							<autoscroll delay="3000" time="3000" repeat="3000">Skin.HasSetting(autoscroll)</autoscroll>
						</control> -->
						<control type="label">
							<left>33</left>
							<width>810</width>
							<centertop>33%</centertop>
							<bottom>0</bottom>
							<aligny>center</aligny>
							<scroll>true</scroll>
							<scrollspeed>300</scrollspeed>
							<font>font23</font>
							<label>$VAR[AddonsLabel2Var]</label>
							<textcolor>$VAR[MenuSelectorColor]</textcolor>
							<shadowcolor>text_shadow</shadowcolor>
						</control>
						<!-- <control type="textbox">
							<left>33</left>
							<width>810</width>
							<centertop>33%</centertop>
							<height>50</height>
							<aligny>center</aligny>
							<font>font27</font>
							<label>$VAR[AddonsLabel2Var]</label>
							<textcolor>unfocused_text</textcolor>
							<shadowcolor>text_shadow</shadowcolor>
							<autoscroll delay="3000" time="3000" repeat="3000">Skin.HasSetting(autoscroll)</autoscroll>
						</control> -->
						<control type="textbox">
							<top>97</top>
							<left>33</left>
							<width>810</width>
							<bottom>13</bottom>
							<aligny>center</aligny>
							<font>font23</font>
							<label>$VAR[ListBoxInfoVar]</label>
							<textcolor>unfocused_text</textcolor>
							<shadowcolor>text_shadow</shadowcolor>
							<autoscroll delay="7000" time="3000" repeat="7000">Skin.HasSetting(autoscroll)</autoscroll>
						</control>
						<control type="image">
							<right>-220</right>
							<centertop>12.5%</centertop>
							<width>30</width>
							<height>30</height>
							<texture>$VAR[AddonsOriginVar]</texture>
							<aspectratio>keep</aspectratio>
						</control>
						<control type="image">
							<right>-220</right>
							<centertop>12.5%</centertop>
							<width>30</width>
							<height>30</height>
							<texture>$VAR[AddonsOriginVar]</texture>
							<aspectratio>keep</aspectratio>
							<animation effect="fade" time="150">VisibleChange</animation>
							<visible>Control.HasFocus($PARAM[list_id])</visible>
						</control>
						<control type="image">
							<left>33</left>
							<centertop>12.5%</centertop>
							<width>33</width>
							<height>30</height>
							<texture>$VAR[AddonsListIconVar]</texture>
							<aspectratio>keep</aspectratio>
						</control>
						<control type="image">
							<left>33</left>
							<centertop>12.5%</centertop>
							<width>33</width>
							<height>30</height>
							<texture>$VAR[AddonsListIconVar]</texture>
							<aspectratio>keep</aspectratio>
							<animation effect="fade" time="150">VisibleChange</animation>
							<visible>Control.HasFocus($PARAM[list_id])</visible>
						</control>
					</focusedlayout>
					<itemlayout condition="String.IsEqual(Window(Home).Property(CurrentFolder),addons) | [Container.Content(addons) + !String.StartsWith(Container.PluginName,plugin.video)]" height="67" width="610">
						<control type="label">
							<left>79</left>
							<width>810</width>
							<top>0</top>
							<bottom>0</bottom>
							<aligny>center</aligny>
							<font>font32</font>
							<textcolor>darkgrey</textcolor>
							<label>$INFO[ListItem.Label]</label>
							<shadowcolor>text_shadow</shadowcolor>
						</control>
						<control type="image">
							<right>-220</right>
							<centertop>50%</centertop>
							<width>30</width>
							<height>30</height>
							<aspectratio>keep</aspectratio>
							<texture colordiffuse="darkgrey">$VAR[AddonsOriginVar]</texture>
						</control>
						<control type="image">
							<left>33</left>
							<centertop>50%</centertop>
							<width>33</width>
							<height>33</height>
							<aspectratio>keep</aspectratio>
							<texture colordiffuse="darkgrey">$VAR[AddonsListIconVar]</texture>
						</control>
					</itemlayout>
				</control>
			</control>
		</definition>
	</include>

	<include name="ListThumbInfoPanel">
		<param name="fallback_image"></param>
		<param name="flip_bg">false</param>
		<definition>
			<include>MediaMenuAnimations</include>
			<control type="group">
				<depth>DepthContentPanel</depth>
				<!-- <include content="ContentPanel">
					<param name="width" value="1106" />
					<param name="flipx" value="$PARAM[flip_bg]" />
				</include> -->
				<include content="FlixPanel"/>
				<!-- image control -->
				<control type="image">
					<left>50</left>
					<top>73</top>
					<width>540</width>
					<height>470</height>
					<aspectratio aligny="center">keep</aspectratio>
					<fadetime>300</fadetime>
					<texture colordiffuse="artwork_dim" diffuse="masks/addons.png" fallback="$PARAM[fallback_image]" background="true">$INFO[ListItem.Icon]</texture>
					<visible>![$EXP[isMovie] | $EXP[isTVShow] | $EXP[isSeason] | $EXP[isEpisode] | String.IsEqual(ListItem.DBType,song)] + !String.IsEqual(Container.PluginName,plugin.video.dramacool) + !Container.Content(addons)</visible>
				</control>
				<control type="image">
					<left>30</left>
					<top>110</top>
					<width>540</width>
					<height>470</height>
					<aspectratio aligny="bottom">keep</aspectratio>
					<fadetime>300</fadetime>
					<texture diffuse="masks/addons.png" fallback="DefaultAudio.png" background="true">$VAR[IconWallThumbVar]</texture>
					<visible>String.IsEqual(ListItem.DBType,song)</visible>
				</control>
				<control type="group">
					<visible>!Container.Content() | !String.isempty(ListItem.Plot)</visible>
					<left>30</left>
					<!-- Plot control -->
					<control type="textbox" id="15503">
						<top>600</top>
						<width>540</width>
						<bottom>70</bottom>
						<autoscroll time="3000" delay="3000" repeat="5000">!System.HasModalDialog + Skin.HasSetting(AutoScroll)</autoscroll>
						<label>$VAR[ListBoxInfoVar]</label>
						<textcolor>unfocused_text</textcolor>
						<visible>String.IsEqual(ListItem.DBType,song)</visible>
					</control>
				</control>
				<control type="group">
					<left>20</left>
					<top>640</top>
					<visible>ListItem.IsCollection + String.IsEmpty(ListItem.Plot)</visible>
					<include content="InfoList">
						<param name="bottom" value="100" />
						<param name="width" value="540" />
						<param name="sortby" value="year" />
						<param name="sortorder" value="ascending" />
						<param name="font" value="font13" />
					</include>
				</control>
				<control type="group">
					<visible>!ListItem.IsCollection + String.IsEmpty(Control.GetLabel(15500)) + Control.IsVisible(15500)</visible>
					<control type="group">
						<left>20</left>
						<top>640</top>
						<visible>!String.IsEmpty(ListItem.DBID)</visible>
						<include content="InfoList">
							<param name="list_id" value="42000" />
							<param name="bottom" value="100" />
							<param name="width" value="540" />
							<param name="sortby" value="year" />
							<param name="sortorder" value="ascending" />
							<param name="item_label" value="$INFO[ListItem.Year,[COLOR button_focus],[/COLOR]  -  ]$INFO[ListItem.Label]" />
							<param name="visible" value="String.IsEqual(ListItem.DBType,artist)" />
						</include>
						<include content="InfoList">
							<param name="list_id" value="43000" />
							<param name="bottom" value="100" />
							<param name="width" value="540" />
							<param name="sortby" value="track" />
							<param name="sortorder" value="ascending" />
							<param name="item_label" value="$INFO[ListItem.Duration,[COLOR button_focus],[/COLOR]  -  ]$INFO[ListItem.Label]" />
							<param name="visible" value="String.IsEqual(ListItem.DBType,album)" />
						</include>
					</control>
				</control>
			</control>
		</definition>
	</include>
	
</includes>
