<?xml version="1.0" encoding="UTF-8"?>
<includes>

	<variable name="CurrentSearchProviderVar">
    <value condition="String.IsEqual(Skin.String(current_search_provider),0)">FEN</value>
    <value condition="String.IsEqual(Skin.String(current_search_provider),1)">FEN Light</value>
    <value condition="String.IsEqual(Skin.String(current_search_provider),2)">Umbrella</value>
    <value condition="String.IsEqual(Skin.String(current_search_provider),3)">POV</value>
    <value condition="String.IsEqual(Skin.String(current_search_provider),4)">Seren</value>
		<value>FEN</value>
	</variable>

	<variable name="CurrentSearchProviderToggleVar">
    <value condition="String.IsEqual(Skin.String(current_search_provider),0)">Skin.SetString(current_search_provider,1)</value>
    <value condition="String.IsEqual(Skin.String(current_search_provider),1)">Skin.SetString(current_search_provider,3)</value>
    <value condition="String.IsEqual(Skin.String(current_search_provider),3)">Skin.SetString(current_search_provider,2)</value>
    <value condition="String.IsEqual(Skin.String(current_search_provider),2)">Skin.SetString(current_search_provider,4)</value>
    <value condition="String.IsEqual(Skin.String(current_search_provider),4)">Skin.SetString(current_search_provider,0)</value>
		<value>Skin.SetString(current_search_provider,0)</value>
	</variable>

	<variable name="TRAKTButtonActionsVar">
    <value condition="String.IsEqual(Skin.String(current_search_provider),0)">ActivateWindow(10025,plugin://plugin.video.fen/?&amp;mode=navigator.trakt_lists,return)</value>
    <value condition="String.IsEqual(Skin.String(current_search_provider),1)">ActivateWindow(10025,plugin://plugin.video.fenlight/?&amp;mode=navigator.my_content&amp;name=My%20Lists,return)</value>
    <value condition="String.IsEqual(Skin.String(current_search_provider),2)">ActivateWindow(10025,plugin://plugin.video.umbrella/?action=trakt_Navigator,return)</value>
    <value condition="String.IsEqual(Skin.String(current_search_provider),3)">ActivateWindow(10025,plugin://plugin.video.pov/?mode=navigator.my_content&amp;name=32454,return)</value>
		<value>ActivateWindow(10025,plugin://plugin.video.fen/?&amp;mode=navigator.trakt_lists,return)</value>
	</variable>

	<variable name="KeywordMoviesLabelVar">
    <value condition="String.IsEqual(Skin.String(current_search_provider),0) | String.IsEqual(Skin.String(current_search_provider),3)">IMDb Keywords (Movies)</value>
    <value condition="String.IsEqual(Skin.String(current_search_provider),1)">TMDb Keywords (Movies)</value>
	</variable>

	<variable name="KeywordTVShowsLabelVar">
    <value condition="String.IsEqual(Skin.String(current_search_provider),0) | String.IsEqual(Skin.String(current_search_provider),3)">IMDb Keywords (TV Shows)</value>
    <value condition="String.IsEqual(Skin.String(current_search_provider),1)">TMDb Keywords (TV Shows)</value>
	</variable>

	<!-- SEARCH PROVIDER VARIABLES -->
	<variable name="SearchProviderMoviesVar">
    <value condition="String.IsEqual(Skin.String(current_search_provider),0)">plugin://plugin.video.fen/?mode=build_movie_list&amp;action=tmdb_movies_search&amp;query=$INFO[Skin.String(SearchInputEncoded)]</value>
    <value condition="String.IsEqual(Skin.String(current_search_provider),1)">plugin://plugin.video.fenlight/?mode=build_movie_list&amp;action=tmdb_movies_search&amp;query=$INFO[Skin.String(SearchInputEncoded)]</value>
    <value condition="String.IsEqual(Skin.String(current_search_provider),2)">plugin://plugin.video.umbrella/?action=movieSearchterm&amp;name=$INFO[Skin.String(SearchInputEncoded)]</value>
    <value condition="String.IsEqual(Skin.String(current_search_provider),3)">plugin://plugin.video.pov/?mode=build_movie_list&amp;action=tmdb_movies_search&amp;query=$INFO[Skin.String(SearchInputEncoded)]</value>
		<value condition="String.IsEqual(Skin.String(current_search_provider),4)">plugin://plugin.video.seren/?action=moviesSearchResults&amp;actionArgs=$INFO[Skin.String(SearchInputEncoded)]</value>
    <value>plugin://plugin.video.fen/?mode=build_movie_list&amp;action=tmdb_movies_search&amp;query=$INFO[Skin.String(SearchInputEncoded)]</value>
	</variable>
	<variable name="SearchProviderTVShowsVar">
    <value condition="String.IsEqual(Skin.String(current_search_provider),0)">plugin://plugin.video.fen/?mode=build_tvshow_list&amp;action=tmdb_tv_search&amp;query=$INFO[Skin.String(SearchInputEncoded)]</value>
    <value condition="String.IsEqual(Skin.String(current_search_provider),1)">plugin://plugin.video.fenlight/?mode=build_tvshow_list&amp;action=tmdb_tv_search&amp;query=$INFO[Skin.String(SearchInputEncoded)]</value>
    <value condition="String.IsEqual(Skin.String(current_search_provider),2)">plugin://plugin.video.umbrella/?action=tvSearchterm&amp;name=$INFO[Skin.String(SearchInputEncoded)]</value>
    <value condition="String.IsEqual(Skin.String(current_search_provider),3)">plugin://plugin.video.pov/?mode=build_tvshow_list&amp;action=tmdb_tv_search&amp;query=$INFO[Skin.String(SearchInputEncoded)]</value>
		<value condition="String.IsEqual(Skin.String(current_search_provider),4)">plugin://plugin.video.seren/?action=showsSearchResults&amp;actionArgs=$INFO[Skin.String(SearchInputEncoded)]</value>
		<value>plugin://plugin.video.fen/?mode=build_tvshow_list&amp;action=tmdb_tv_search&amp;query=$INFO[Skin.String(SearchInputEncoded)]</value>
	</variable>
	<variable name="SearchProviderCollectionsVar">
		<value conditiom="String.IsEqual(Skin.String(current_search_provider),0)">plugin://plugin.video.fen/?mode=build_movie_list&amp;action=tmdb_movies_search_sets&amp;query=$INFO[Skin.String(SearchInputEncoded)]</value>
    <value condition="String.IsEqual(Skin.String(current_search_provider),3)">plugin://plugin.video.pov/?mode=build_movie_list&amp;action=tmdb_movies_search_collections&amp;query=$INFO[Skin.String(SearchInputEncoded)]</value>
    <value>plugin://plugin.video.fen/?mode=build_movie_list&amp;action=tmdb_movies_search_sets&amp;query=$INFO[Skin.String(SearchInputEncoded)]</value>
	</variable>
	<variable name="SearchProviderPeopleVar">
		<value condition="String.IsEqual(Skin.String(current_search_provider),0)">plugin://plugin.video.fen/?mode=person_direct.search&amp;query=$INFO[Skin.String(SearchInputEncoded)]</value>
    <value condition="String.IsEqual(Skin.String(current_search_provider),1)">plugin://plugin.video.fenlight/?mode=person_direct.search&amp;key_id=$INFO[Skin.String(SearchInputEncoded)]</value>
    <value condition="String.IsEqual(Skin.String(current_search_provider),3)">plugin://plugin.video.pov/?mode=get_search_term&amp;search_type=people&amp;query=$INFO[Skin.String(SearchInputEncoded)]</value>
    <value>plugin://plugin.video.fen/?mode=person_direct.search&amp;query=$INFO[Skin.String(SearchInputEncoded)]</value>
	</variable>
	<variable name="SearchProviderKeywordMoviesVar">
		<value condition="String.IsEqual(Skin.String(current_search_provider),0)">plugin://plugin.video.fen/?mode=build_movie_list&amp;action=imdb_keywords_list_contents&amp;list_id=$INFO[Skin.String(SearchInputEncoded)]</value>
    <value condition="String.IsEqual(Skin.String(current_search_provider),1)">plugin://plugin.video.fenlight/?mode=build_movie_list&amp;action=tmdb_movie_keyword_results_direct&amp;key_id=$INFO[Skin.String(SearchInputEncoded)]</value>
    <value condition="String.IsEqual(Skin.String(current_search_provider),3)">plugin://plugin.video.pov/?mode=imdb_build_keyword_results&amp;media_type=movie&amp;query=$INFO[Skin.String(SearchInputEncoded)]</value>
    <value>plugin://plugin.video.fen/?mode=build_movie_list&amp;action=imdb_keywords_list_contents&amp;list_id=$INFO[Skin.String(SearchInputEncoded)]</value>
	</variable>
	<variable name="SearchProviderKeywordTVShowsVar">
		<value condition="String.IsEqual(Skin.String(current_search_provider),0)">plugin://plugin.video.fen/?mode=build_tvshow_list&amp;action=imdb_keywords_list_contents&amp;list_id=$INFO[Skin.String(SearchInputEncoded)]</value>
    <value condition="String.IsEqual(Skin.String(current_search_provider),1)">plugin://plugin.video.fenlight/?mode=build_tvshow_list&amp;action=tmdb_tv_keyword_results_direct&amp;key_id=$INFO[Skin.String(SearchInputEncoded)]</value>
    <value condition="String.IsEqual(Skin.String(current_search_provider),3)">plugin://plugin.video.pov/?mode=imdb_build_keyword_results&amp;media_type=tvshow&amp;query=$INFO[Skin.String(SearchInputEncoded)]</value>
    <value>plugin://plugin.video.fen/?mode=build_tvshow_list&amp;action=imdb_keywords_list_contents&amp;list_id=$INFO[Skin.String(SearchInputEncoded)]</value>
	</variable>
	<variable name="SearchProviderTRAKTListsVar">
		<value condition="String.IsEqual(Skin.String(current_search_provider),0)">plugin://plugin.video.fen/?mode=trakt.list.search_trakt_lists&amp;query=$INFO[Skin.String(SearchInputTraktEncoded)]</value>
    <value condition="String.IsEqual(Skin.String(current_search_provider),1)">plugin://plugin.video.fenlight/?mode=trakt.list.search_trakt_lists&amp;query=$INFO[Skin.String(SearchInputTraktEncoded)]</value>
    <value condition="String.IsEqual(Skin.String(current_search_provider),3)">plugin://plugin.video.pov/?mode=build_trakt_list.search_trakt_lists&amp;search_title=$INFO[Skin.String(SearchInputTraktEncoded)]</value>
    <value>plugin://plugin.video.fen/?mode=trakt.list.search_trakt_lists&amp;query=$INFO[Skin.String(SearchInputTraktEncoded)]</value>
	</variable>
  
  <!-- <variable name="CurrentSearchProviderVar">
    <value condition="String.IsEqual(Skin.String(current_search_provider),0)">FEN</value>
    <value condition="String.IsEqual(Skin.String(current_search_provider),1)">FEN Light</value>
    <value condition="String.IsEqual(Skin.String(current_search_provider),2)">Umbrella</value>
		<value>FEN</value>
	</variable>

	<variable name="CurrentSearchProviderToggleVar">
    <value condition="String.IsEqual(Skin.String(current_search_provider),0)">Skin.SetString(current_search_provider,1)</value>
    <value condition="String.IsEqual(Skin.String(current_search_provider),1)">Skin.SetString(current_search_provider,2)</value>
    <value condition="String.IsEqual(Skin.String(current_search_provider),2)">Skin.SetString(current_search_provider,0)</value>
		<value>Skin.SetString(current_search_provider,0)</value>
	</variable>

	<variable name="TRAKTButtonActionsVar">
    <value condition="String.IsEqual(Skin.String(current_search_provider),0)">ActivateWindow(10025,plugin://plugin.video.fen/?&amp;mode=navigator.trakt_lists,return)</value>
    <value condition="String.IsEqual(Skin.String(current_search_provider),1)">ActivateWindow(10025,plugin://plugin.video.fenlight/?&amp;mode=navigator.my_content&amp;name=My%20Lists,return)</value>
    <value condition="String.IsEqual(Skin.String(current_search_provider),2)">ActivateWindow(10025,plugin://plugin.video.umbrella/?action=trakt_Navigator,return)</value>
		<value>ActivateWindow(10025,plugin://plugin.video.fen/?&amp;mode=navigator.trakt_lists,return)</value>
	</variable>

	<variable name="KeywordMoviesLabelVar">
    <value condition="String.IsEqual(Skin.String(current_search_provider),0)">IMDb Keywords (Movies)</value>
    <value condition="String.IsEqual(Skin.String(current_search_provider),1)">TMDb Keywords (Movies)</value>
	</variable>

	<variable name="KeywordTVShowsLabelVar">
    <value condition="String.IsEqual(Skin.String(current_search_provider),0)">IMDb Keywords (TV Shows)</value>
    <value condition="String.IsEqual(Skin.String(current_search_provider),1)">TMDb Keywords (TV Shows)</value>
	</variable>

	<variable name="SearchProviderMoviesVar">
    <value condition="String.IsEqual(Skin.String(current_search_provider),0)">plugin://plugin.video.fen/?mode=build_movie_list&amp;action=tmdb_movies_search&amp;query=$INFO[Skin.String(SearchInputEncoded)]</value>
    <value condition="String.IsEqual(Skin.String(current_search_provider),1)">plugin://plugin.video.fenlight/?mode=build_movie_list&amp;action=tmdb_movies_search&amp;query=$INFO[Skin.String(SearchInputEncoded)]</value>
    <value condition="String.IsEqual(Skin.String(current_search_provider),2)">plugin://plugin.video.umbrella/?action=movieSearchterm&amp;name=$INFO[Skin.String(SearchInputEncoded)]</value>
    <value>plugin://plugin.video.fen/?mode=build_movie_list&amp;action=tmdb_movies_search&amp;query=$INFO[Skin.String(SearchInputEncoded)]</value>
	</variable>
	<variable name="SearchProviderTVShowsVar">
    <value condition="String.IsEqual(Skin.String(current_search_provider),0)">plugin://plugin.video.fen/?mode=build_tvshow_list&amp;action=tmdb_tv_search&amp;query=$INFO[Skin.String(SearchInputEncoded)]</value>
    <value condition="String.IsEqual(Skin.String(current_search_provider),1)">plugin://plugin.video.fenlight/?mode=build_tvshow_list&amp;action=tmdb_tv_search&amp;query=$INFO[Skin.String(SearchInputEncoded)]</value>
    <value condition="String.IsEqual(Skin.String(current_search_provider),2)">plugin://plugin.video.umbrella/?action=tvSearchterm&amp;name=$INFO[Skin.String(SearchInputEncoded)]</value>
		<value>plugin://plugin.video.fen/?mode=build_tvshow_list&amp;action=tmdb_tv_search&amp;query=$INFO[Skin.String(SearchInputEncoded)]</value>
	</variable>
	<variable name="SearchProviderPeopleVar">
		<value condition="String.IsEqual(Skin.String(current_search_provider),0)">plugin://plugin.video.fen/?mode=person_direct.search&amp;query=$INFO[Skin.String(SearchInputEncoded)]</value>
    <value condition="String.IsEqual(Skin.String(current_search_provider),1)">plugin://plugin.video.fenlight/?mode=person_direct.search&amp;key_id=$INFO[Skin.String(SearchInputEncoded)]</value>
    <value>plugin://plugin.video.fen/?mode=person_direct.search&amp;query=$INFO[Skin.String(SearchInputEncoded)]</value>
	</variable>
	<variable name="SearchProviderKeywordMoviesVar">
		<value condition="String.IsEqual(Skin.String(current_search_provider),0)">plugin://plugin.video.fen/?mode=build_movie_list&amp;action=imdb_keywords_list_contents&amp;list_id=$INFO[Skin.String(SearchInputEncoded)]</value>
    <value condition="String.IsEqual(Skin.String(current_search_provider),1)">plugin://plugin.video.fenlight/?mode=build_movie_list&amp;action=tmdb_movie_keyword_results_direct&amp;key_id=$INFO[Skin.String(SearchInputEncoded)]</value>
    <value>plugin://plugin.video.fen/?mode=build_movie_list&amp;action=imdb_keywords_list_contents&amp;list_id=$INFO[Skin.String(SearchInputEncoded)]</value>
	</variable>
	<variable name="SearchProviderKeywordTVShowsVar">
		<value condition="String.IsEqual(Skin.String(current_search_provider),0)">plugin://plugin.video.fen/?mode=build_tvshow_list&amp;action=imdb_keywords_list_contents&amp;list_id=$INFO[Skin.String(SearchInputEncoded)]</value>
    <value condition="String.IsEqual(Skin.String(current_search_provider),1)">plugin://plugin.video.fenlight/?mode=build_tvshow_list&amp;action=tmdb_tv_keyword_results_direct&amp;key_id=$INFO[Skin.String(SearchInputEncoded)]</value>
    <value>plugin://plugin.video.fen/?mode=build_tvshow_list&amp;action=imdb_keywords_list_contents&amp;list_id=$INFO[Skin.String(SearchInputEncoded)]</value>
	</variable> -->

</includes>