<?xml version="1.0" encoding="UTF-8"?>
<includes>
  <!-- RATINGS INFOPANEL VARIABLES -->

	<variable name="_Genre">
		<!-- Specific Genre Combinations -->
    <value condition="!String.IsEmpty(ListItem.Genre) + String.Contains(ListItem.Genre,Documentary) + String.Contains(ListItem.Genre,Drama) + String.Contains(ListItem.Genre,History)"> • [COLOR unfocused_text]Historical Docudrama[/COLOR]</value>
    <value condition="!String.IsEmpty(ListItem.Genre) + String.Contains(ListItem.Genre,History) + String.Contains(ListItem.Genre,Drama) + String.Contains(ListItem.Genre,Comedy)"> • [COLOR unfocused_text]Historical Dramedy[/COLOR]</value>
    <value condition="!String.IsEmpty(ListItem.Genre) + String.Contains(ListItem.Genre,Documentary) + String.Contains(ListItem.Genre,Drama) + String.Contains(ListItem.Genre,Crime)"> • [COLOR unfocused_text]Crime Docudrama[/COLOR]</value>
    <value condition="!String.IsEmpty(ListItem.Genre) + String.Contains(ListItem.Genre,Animation) + String.Contains(ListItem.Genre,Drama) + String.Contains(ListItem.Genre,Comedy)"> • [COLOR unfocused_text]Animated Dramedy[/COLOR]</value>
    <value condition="!String.IsEmpty(ListItem.Genre) + String.Contains(ListItem.Genre,Crime) + String.Contains(ListItem.Genre,Drama) + String.Contains(ListItem.Genre,Comedy)"> • [COLOR unfocused_text]Crime Dramedy[/COLOR]</value>
    <value condition="!String.IsEmpty(ListItem.Genre) + String.Contains(ListItem.Genre,Romance) + String.Contains(ListItem.Genre,Drama) + String.Contains(ListItem.Genre,Comedy)"> • [COLOR unfocused_text]Romantic Dramedy[/COLOR]</value>
    <value condition="!String.IsEmpty(ListItem.Genre) + String.Contains(ListItem.Genre,Sports) + String.Contains(ListItem.Genre,Drama) + String.Contains(ListItem.Genre,Comedy)"> • [COLOR unfocused_text]Sports Dramedy[/COLOR]</value>
    <value condition="!String.IsEmpty(ListItem.Genre) + String.Contains(ListItem.Genre,Animation) + String.Contains(ListItem.Genre,Romance) + String.Contains(ListItem.Genre,Comedy)"> • [COLOR unfocused_text]Animated Rom-Com[/COLOR]</value>
    <value condition="!String.IsEmpty(ListItem.Genre) + String.Contains(ListItem.Genre,Action) + String.Contains(ListItem.Genre,Romance) + String.Contains(ListItem.Genre,Comedy)"> • [COLOR unfocused_text]Action Rom-Com[/COLOR]</value>
    <value condition="!String.IsEmpty(ListItem.Genre) + String.Contains(ListItem.Genre,Science Fiction) + String.Contains(ListItem.Genre,Romance) + String.Contains(ListItem.Genre,Comedy)"> • [COLOR unfocused_text]Sci-Fi Rom-Com[/COLOR]</value>
		<value condition="!String.IsEmpty(ListItem.Genre) + String.Contains(ListItem.Genre,Ecchi) + String.Contains(ListItem.Genre,Romance) + String.Contains(ListItem.Genre,Comedy)"> • [COLOR unfocused_text]Ecchi Rom-Com[/COLOR]</value>
		<value condition="!String.IsEmpty(ListItem.Genre) + String.Contains(ListItem.Genre,Slice of Life) + String.Contains(ListItem.Genre,Romance) + String.Contains(ListItem.Genre,Comedy)"> • [COLOR unfocused_text]Slice of Life Rom-Com[/COLOR]</value>
    <value condition="!String.IsEmpty(ListItem.Genre) + String.Contains(ListItem.Genre,Sci-Fi) + String.Contains(ListItem.Genre,Romance) + String.Contains(ListItem.Genre,Comedy)"> • [COLOR unfocused_text]Sci-Fi Rom-Com[/COLOR]</value>
    <value condition="!String.IsEmpty(ListItem.Genre) + String.Contains(ListItem.Genre,Music) + String.Contains(ListItem.Genre,Romance) + String.Contains(ListItem.Genre,Comedy)"> • [COLOR unfocused_text]Musical Rom-Com[/COLOR]</value>
    <value condition="!String.IsEmpty(ListItem.Genre) + String.Contains(ListItem.Genre,Music) + String.Contains(ListItem.Genre,Comedy) + String.Contains(ListItem.Genre,Drama)"> • [COLOR unfocused_text]Musical Dramedy[/COLOR]</value>
		<value condition="!String.IsEmpty(ListItem.Genre) + !String.Contains(ListItem.Genre,Science Fiction) + String.Contains(ListItem.Genre,War) + !String.Contains(ListItem.Genre,Adventure) + String.Contains(ListItem.Genre,Drama) + String.Contains(ListItem.Genre,Comedy)"> • [COLOR unfocused_text]Comedic War Drama[/COLOR]</value>
		<value condition="!String.IsEmpty(ListItem.Genre) + !String.Contains(ListItem.Genre,Sci-Fi) + String.Contains(ListItem.Genre,War) + !String.Contains(ListItem.Genre,Adventure) + String.Contains(ListItem.Genre,Drama) + String.Contains(ListItem.Genre,Comedy)"> • [COLOR unfocused_text]Comedic War Drama[/COLOR]</value>
		<value condition="!String.IsEmpty(ListItem.Genre) + String.Contains(ListItem.Genre,History) + String.Contains(ListItem.Genre,War) + String.Contains(ListItem.Genre,Drama)"> • [COLOR unfocused_text]Historical War Drama[/COLOR]</value>
    <value condition="!String.IsEmpty(ListItem.Genre) + !String.Contains(ListItem.Genre,Politics) + String.Contains(ListItem.Genre,War) + String.Contains(ListItem.Genre,Drama) + String.Contains(ListItem.Genre,Fantasy)"> • [COLOR unfocused_text]Fantastical War Drama[/COLOR]</value>
    <value condition="!String.IsEmpty(ListItem.Genre) + String.Contains(ListItem.Genre,History) + String.Contains(ListItem.Genre,War) + String.Contains(ListItem.Genre,Thriller)"> • [COLOR unfocused_text]Historical War Thriller[/COLOR]</value>
    <value condition="!String.IsEmpty(ListItem.Genre) + String.Contains(ListItem.Genre,War) + String.Contains(ListItem.Genre,Action) + String.Contains(ListItem.Genre,Thriller)"> • [COLOR unfocused_text]War Thriller[/COLOR]</value>
		<value condition="!String.IsEmpty(ListItem.Genre) + String.Contains(ListItem.Genre,Western) + String.Contains(ListItem.Genre,Action) + String.Contains(ListItem.Genre,Thriller)"> • [COLOR unfocused_text]Western Thriller[/COLOR]</value>
    <value condition="!String.IsEmpty(ListItem.Genre) + String.Contains(ListItem.Genre,Western) + String.Contains(ListItem.Genre,Action) + !String.Contains(ListItem.Genre,Thriller)"> • [COLOR unfocused_text]Western-Action[/COLOR]</value>
		<value condition="!String.IsEmpty(ListItem.Genre) + !String.Contains(ListItem.Genre,War) + String.Contains(ListItem.Genre,Drama) + String.Contains(ListItem.Genre,Politics)"> • [COLOR unfocused_text]Political Drama[/COLOR]</value>
		<value condition="!String.IsEmpty(ListItem.Genre) + !String.Contains(ListItem.Genre,Politics) + !String.Contains(ListItem.Genre,Science Fiction) + String.Contains(ListItem.Genre,War) + !String.Contains(ListItem.Genre,Adventure) + String.Contains(ListItem.Genre,Drama)"> • [COLOR unfocused_text]War Drama[/COLOR]</value>
		<value condition="!String.IsEmpty(ListItem.Genre) + !String.Contains(ListItem.Genre,Politics) + !String.Contains(ListItem.Genre,Adventure) + !String.Contains(ListItem.Genre,Sci-Fi) + String.Contains(ListItem.Genre,War) + String.Contains(ListItem.Genre,Drama)"> • [COLOR unfocused_text]War Drama[/COLOR]</value>
		<value condition="!String.IsEmpty(ListItem.Genre) + !String.Contains(ListItem.Genre,Kids) + String.Contains(ListItem.Genre,Sci-Fi) + String.Contains(ListItem.Genre,Fantasy)"> • [COLOR unfocused_text]Sci-Fi Fantasy[/COLOR]</value>
		<value condition="!String.IsEmpty(ListItem.Genre) + !String.Contains(ListItem.Genre,Comedy) + String.Contains(ListItem.Genre,Kids) + String.Contains(ListItem.Genre,Sci-Fi) + String.Contains(ListItem.Genre,Fantasy)"> • [COLOR unfocused_text]Sci-Fi Kids[/COLOR]</value>
    <value condition="!String.IsEmpty(ListItem.Genre) + !String.Contains(ListItem.Genre,Drama) + !String.Contains(ListItem.Genre,Thriller) + !String.Contains(ListItem.Genre,Crime) + String.Contains(ListItem.Genre,Action) + String.Contains(ListItem.Genre,Adventure)"> • [COLOR unfocused_text]Action-Adventure[/COLOR]</value>
    <value condition="!String.IsEmpty(ListItem.Genre) + String.Contains(ListItem.Genre,Adventure) + String.Contains(ListItem.Genre,Fantasy)"> • [COLOR unfocused_text]Adventure-Fantasy[/COLOR]</value>
    <value condition="!String.IsEmpty(ListItem.Genre) + String.Contains(ListItem.Genre,Animation) + String.Contains(ListItem.Genre,Comedy)"> • [COLOR unfocused_text]Animated Comedy[/COLOR]</value>
    <value condition="!String.IsEmpty(ListItem.Genre) + String.Contains(ListItem.Genre,Action) + String.Contains(ListItem.Genre,Comedy)"> • [COLOR unfocused_text]Action-Comedy[/COLOR]</value>
		<value condition="!String.IsEmpty(ListItem.Genre) + String.Contains(ListItem.Genre,Science Fiction) + String.Contains(ListItem.Genre,Thriller)"> • [COLOR unfocused_text]Sci-Fi Thriller[/COLOR]</value>
    <value condition="!String.IsEmpty(ListItem.Genre) + String.Contains(ListItem.Genre,Action) + String.Contains(ListItem.Genre,Thriller)"> • [COLOR unfocused_text]Action Thriller[/COLOR]</value>
    <value condition="!String.IsEmpty(ListItem.Genre) + String.Contains(ListItem.Genre,Action) + String.Contains(ListItem.Genre,Drama)"> • [COLOR unfocused_text]Action-Drama[/COLOR]</value>
    <value condition="!String.IsEmpty(ListItem.Genre) + String.Contains(ListItem.Genre,Action) + String.Contains(ListItem.Genre,History)"> • [COLOR unfocused_text]Action-History[/COLOR]</value>
    <value condition="!String.IsEmpty(ListItem.Genre) + String.Contains(ListItem.Genre,Action) + String.Contains(ListItem.Genre,Horror)"> • [COLOR unfocused_text]Action-Horror[/COLOR]</value>
    <value condition="!String.IsEmpty(ListItem.Genre) + String.Contains(ListItem.Genre,Action) + String.Contains(ListItem.Genre,War)"> • [COLOR unfocused_text]War-Action[/COLOR]</value>
    <value condition="!String.IsEmpty(ListItem.Genre) + String.Contains(ListItem.Genre,Western) + String.Contains(ListItem.Genre,Romance)"> • [COLOR unfocused_text]Romantic Western[/COLOR]</value>
    <value condition="!String.IsEmpty(ListItem.Genre) + String.Contains(ListItem.Genre,Western) + String.Contains(ListItem.Genre,Comedy)"> • [COLOR unfocused_text]Comedic Western[/COLOR]</value>
    <value condition="!String.IsEmpty(ListItem.Genre) + String.Contains(ListItem.Genre,Western) + String.Contains(ListItem.Genre,Adventure)"> • [COLOR unfocused_text]Western-Adventure[/COLOR]</value>
    <value condition="!String.IsEmpty(ListItem.Genre) + String.Contains(ListItem.Genre,Romance) + String.Contains(ListItem.Genre,Comedy)"> • [COLOR unfocused_text]Romantic Comedy[/COLOR]</value>
    <value condition="!String.IsEmpty(ListItem.Genre) + String.Contains(ListItem.Genre,Comedy) + String.Contains(ListItem.Genre,Drama)"> • [COLOR unfocused_text]Dramedy[/COLOR]</value>
    <value condition="!String.IsEmpty(ListItem.Genre) + String.Contains(ListItem.Genre,Documentary) + String.Contains(ListItem.Genre,Drama)"> • [COLOR unfocused_text]Docudrama[/COLOR]</value>
    <value condition="!String.IsEmpty(ListItem.Genre) + !String.Contains(ListItem.Genre,History) + String.Contains(ListItem.Genre,Crime) + String.Contains(ListItem.Genre,Drama)"> • [COLOR unfocused_text]Crime Drama[/COLOR]</value>
    <value condition="!String.IsEmpty(ListItem.Genre) + String.Contains(ListItem.Genre,Crime) + String.Contains(ListItem.Genre,Fantasy)"> • [COLOR unfocused_text]Crime-Fantasy[/COLOR]</value>
    <value condition="!String.IsEmpty(ListItem.Genre) + String.Contains(ListItem.Genre,Horror) + String.Contains(ListItem.Genre,Fantasy)"> • [COLOR unfocused_text]Dark Fantasy[/COLOR]</value>
    <value condition="!String.IsEmpty(ListItem.Genre) +  !String.Contains(ListItem.Genre,Horror) + String.Contains(ListItem.Genre,Drama) + String.Contains(ListItem.Genre,History)"> • [COLOR unfocused_text]Historical Drama[/COLOR]</value>
    <value condition="!String.IsEmpty(ListItem.Genre) + String.Contains(ListItem.Genre,Thriller) + String.Contains(ListItem.Genre,Romance)"> • [COLOR unfocused_text]Romantic Thriller[/COLOR]</value>
		<value condition="!String.IsEmpty(ListItem.Genre) + String.Contains(ListItem.Genre,Psychological) + String.Contains(ListItem.Genre,Drama)"> • [COLOR unfocused_text]Psychological Drama[/COLOR]</value>
    <value condition="!String.IsEmpty(ListItem.Genre) + String.Contains(ListItem.Genre,Drama) + String.Contains(ListItem.Genre,Romance)"> • [COLOR unfocused_text]Romantic Drama[/COLOR]</value>
    <value condition="!String.IsEmpty(ListItem.Genre) + String.Contains(ListItem.Genre,Music) + String.Contains(ListItem.Genre,Documentary)"> • [COLOR unfocused_text]Musical Documentary[/COLOR]</value>
    <value condition="!String.IsEmpty(ListItem.Genre) + String.Contains(ListItem.Genre,History) + String.Contains(ListItem.Genre,Documentary)"> • [COLOR unfocused_text]Historical Documentary[/COLOR]</value>
    <value condition="!String.IsEmpty(ListItem.Genre) + String.Contains(ListItem.Genre,Comedy) + String.Contains(ListItem.Genre,Documentary)"> • [COLOR unfocused_text]Comedic Documentary[/COLOR]</value>
    <value condition="!String.IsEmpty(ListItem.Genre) + String.Contains(ListItem.Genre,Crime) + String.Contains(ListItem.Genre,Documentary)"> • [COLOR unfocused_text]Crime Documentary[/COLOR]</value>
		<value condition="!String.IsEmpty(ListItem.Genre) + String.Contains(ListItem.Genre,Crime) + String.Contains(ListItem.Genre,Crime) + String.Contains(ListItem.Genre,Thriller)"> • [COLOR unfocused_text]Crime Thriller[/COLOR]</value>
    <value condition="!String.IsEmpty(ListItem.Genre) + !String.Contains(ListItem.Genre,Horror) + String.Contains(ListItem.Genre,Mystery) + String.Contains(ListItem.Genre,Thriller)"> • [COLOR unfocused_text]Mystery Thriller[/COLOR]</value>
    <value condition="!String.IsEmpty(ListItem.Genre) + String.Contains(ListItem.Genre,Crime) + String.Contains(ListItem.Genre,Comedy)"> • [COLOR unfocused_text]Crime-Comedy[/COLOR]</value>
    <value condition="!String.IsEmpty(ListItem.Genre) + String.Contains(ListItem.Genre,Fantasy) + String.Contains(ListItem.Genre,Adventure)"> • [COLOR unfocused_text]Fantasy-Adventure[/COLOR]</value>
    <value condition="!String.IsEmpty(ListItem.Genre) + String.Contains(ListItem.Genre,Western) + String.Contains(ListItem.Genre,Drama)"> • [COLOR unfocused_text]Western Drama[/COLOR]</value>
    <value condition="!String.IsEmpty(ListItem.Genre) + String.Contains(ListItem.Genre,Music) + String.Contains(ListItem.Genre,Drama)"> • [COLOR unfocused_text]Musical Drama[/COLOR]</value>
    <value condition="!String.IsEmpty(ListItem.Genre) + String.Contains(ListItem.Genre,Music) + String.Contains(ListItem.Genre,Comedy)"> • [COLOR unfocused_text]Musical Comedy[/COLOR]</value>
		<value condition="!String.IsEmpty(ListItem.Genre) + String.Contains(ListItem.Genre,Horror) + String.Contains(ListItem.Genre,Comedy)"> • [COLOR unfocused_text]Horror-Comedy[/COLOR]</value>
		<value condition="!String.IsEmpty(ListItem.Genre) + !String.Contains(ListItem.Genre,Crime) + String.Contains(ListItem.Genre,Horror) + String.Contains(ListItem.Genre,Thriller)"> • [COLOR unfocused_text]Horror Thriller[/COLOR]</value>
		<value condition="!String.IsEmpty(ListItem.Genre) + String.Contains(ListItem.Genre,Horror) + String.Contains(ListItem.Genre,Mystery)"> • [COLOR unfocused_text]Horror Mystery[/COLOR]</value>
		<value condition="!String.IsEmpty(ListItem.Genre) + !String.Contains(ListItem.Genre,Animation) + String.Contains(ListItem.Genre,Science Fiction) + String.Contains(ListItem.Genre,Action)"> • [COLOR unfocused_text]Sci-Fi Action[/COLOR]</value>
		<value condition="!String.IsEmpty(ListItem.Genre) + !String.Contains(ListItem.Genre,Animation) + String.Contains(ListItem.Genre,Sci-Fi) + String.Contains(ListItem.Genre,Action)"> • [COLOR unfocused_text]Sci-Fi Action[/COLOR]</value>
		<value condition="!String.IsEmpty(ListItem.Genre) + String.Contains(ListItem.Genre,Science Fiction) + String.Contains(ListItem.Genre,Comedy)"> • [COLOR unfocused_text]Comedic Sci-Fi[/COLOR]</value>
		<value condition="!String.IsEmpty(ListItem.Genre) + String.Contains(ListItem.Genre,Sci-Fi) + String.Contains(ListItem.Genre,Comedy)"> • [COLOR unfocused_text]Comedic Sci-Fi[/COLOR]</value>
		<value condition="!String.IsEmpty(ListItem.Genre) + String.Contains(ListItem.Genre,Sci-Fi) + String.Contains(ListItem.Genre,Horror)"> • [COLOR unfocused_text]Sci-Fi Horror[/COLOR]</value>
		<value condition="!String.IsEmpty(ListItem.Genre) + String.Contains(ListItem.Genre,Science Fiction) + String.Contains(ListItem.Genre,Horror)"> • [COLOR unfocused_text]Sci-Fi Horror[/COLOR]</value>
		<value condition="!String.IsEmpty(ListItem.Genre) + String.Contains(ListItem.Genre,Science Fiction) + String.Contains(ListItem.Genre,Drama)"> • [COLOR unfocused_text]Sci-Fi Drama[/COLOR]</value>
		<value condition="!String.IsEmpty(ListItem.Genre) + String.Contains(ListItem.Genre,Sci-Fi) + String.Contains(ListItem.Genre,Drama)"> • [COLOR unfocused_text]Sci-Fi Drama[/COLOR]</value>
		<value condition="!String.IsEmpty(ListItem.Genre) + String.Contains(ListItem.Genre,Science Fiction) + String.Contains(ListItem.Genre,Fantasy)"> • [COLOR unfocused_text]Sci-Fi Fantasy[/COLOR]</value>
		<value condition="!String.IsEmpty(ListItem.Genre) + String.Contains(ListItem.Genre,Sci-Fi) + String.Contains(ListItem.Genre,Thriller)"> • [COLOR unfocused_text]Sci-Fi Thriller[/COLOR]</value>
    <value condition="!String.IsEmpty(ListItem.Genre) + String.Contains(ListItem.Genre,Sci-Fi) + String.Contains(ListItem.Genre,Adventure)"> • [COLOR unfocused_text]Sci-Fi Adventure[/COLOR]</value>
    <value condition="!String.IsEmpty(ListItem.Genre) + String.Contains(ListItem.Genre,Science Fiction) + String.Contains(ListItem.Genre,Adventure)"> • [COLOR unfocused_text]Sci-Fi Adventure[/COLOR]</value>
		<value condition="!String.IsEmpty(ListItem.Genre) + String.Contains(ListItem.Genre,Comedy) + String.Contains(ListItem.Genre,Fantasy)"> • [COLOR unfocused_text]Comedic Fantasy[/COLOR]</value>
		<!-- <value condition="!String.IsEmpty(ListItem.Genre) + String.Contains(ListItem.Genre,Animation) + String.Contains(ListItem.Genre,Comedy)"> • [COLOR unfocused_text]Comedic Animation[/COLOR]</value> -->
		<value condition="!String.IsEmpty(ListItem.Genre) + String.Contains(ListItem.Genre,Animation) + String.Contains(ListItem.Genre,Fantasy)"> • [COLOR unfocused_text]Animated Fantasy[/COLOR]</value>
		<value condition="!String.IsEmpty(ListItem.Genre) + String.Contains(ListItem.Genre,Action) + String.Contains(ListItem.Genre,Fantasy)"> • [COLOR unfocused_text]Action-Fantasy[/COLOR]</value>
		<value condition="!String.IsEmpty(ListItem.Genre) + String.Contains(ListItem.Genre,Music) + String.Contains(ListItem.Genre,Fantasy)"> • [COLOR unfocused_text]Musical Fantasy[/COLOR]</value>
		<value condition="!String.IsEmpty(ListItem.Genre) + String.Contains(ListItem.Genre,Animation) + String.Contains(ListItem.Genre,Family)"> • [COLOR unfocused_text]Animation-Family[/COLOR]</value>
		<value condition="!String.IsEmpty(ListItem.Genre) + !String.Contains(ListItem.Genre,Family) + String.Contains(ListItem.Genre,Animation) + String.Contains(ListItem.Genre,Science Fiction)"> • [COLOR unfocused_text]Animated Sci-Fi[/COLOR]</value>
		<value condition="!String.IsEmpty(ListItem.Genre) + !String.Contains(ListItem.Genre,Family) + String.Contains(ListItem.Genre,Animation) + String.Contains(ListItem.Genre,Sci-Fi)"> • [COLOR unfocused_text]Animated Sci-Fi[/COLOR]</value>
		<value condition="!String.IsEmpty(ListItem.Genre) + String.Contains(ListItem.Genre,Thriller) + String.Contains(ListItem.Genre,Drama)"> • [COLOR unfocused_text]Dramatic Thriller[/COLOR]</value>
		<value condition="!String.IsEmpty(ListItem.Genre) + String.Contains(ListItem.Genre,Horror) + String.Contains(ListItem.Genre,Drama)"> • [COLOR unfocused_text]Horror Drama[/COLOR]</value>
		<value condition="!String.IsEmpty(ListItem.Genre) + String.Contains(ListItem.Genre,Action) + String.Contains(ListItem.Genre,Crime)"> • [COLOR unfocused_text]Action-Crime[/COLOR]</value>
		<value condition="!String.IsEmpty(ListItem.Genre) + String.Contains(ListItem.Genre,Adventure) + String.Contains(ListItem.Genre,Thriller)"> • [COLOR unfocused_text]Adventure Thriller[/COLOR]</value>
		<value condition="!String.IsEmpty(ListItem.Genre) + String.Contains(ListItem.Genre,Supernatural) + String.Contains(ListItem.Genre,Comedy)"> • [COLOR unfocused_text]Supernatural Comedy[/COLOR]</value>
		<value condition="!String.IsEmpty(ListItem.Genre) + String.Contains(ListItem.Genre,Supernatural) + String.Contains(ListItem.Genre,Action)"> • [COLOR unfocused_text]Supernatural Action[/COLOR]</value>
		<value condition="!String.IsEmpty(ListItem.Genre) + String.Contains(ListItem.Genre,Supernatural) + String.Contains(ListItem.Genre,Drama)"> • [COLOR unfocused_text]Supernatural Drama[/COLOR]</value>
		<value condition="!String.IsEmpty(ListItem.Genre) + String.Contains(ListItem.Genre,Slice of Life) + String.Contains(ListItem.Genre,Comedy)"> • [COLOR unfocused_text]Comedy-Slice of Life[/COLOR]</value>
		<value condition="!String.IsEmpty(ListItem.Genre) + String.Contains(ListItem.Genre,Slice of Life) + String.Contains(ListItem.Genre,Mystery)"> • [COLOR unfocused_text]Mystery-Slice of Life[/COLOR]</value>
		<value condition="!String.IsEmpty(ListItem.Genre) + String.Contains(ListItem.Genre,Slice of Life) + String.Contains(ListItem.Genre,Romance)"> • [COLOR unfocused_text]Romantic Slice of Life[/COLOR]</value>
		<value condition="!String.IsEmpty(ListItem.Genre) + String.Contains(ListItem.Genre,Slice of Life) + String.Contains(ListItem.Genre,Drama)"> • [COLOR unfocused_text]Drama-Slice of Life[/COLOR]</value>
    <!-- Single Genres (fallback) -->
    <value condition="!String.IsEmpty(ListItem.Genre) + String.StartsWith(ListItem.Genre,Action)"> • [COLOR unfocused_text]Action[/COLOR]</value>
    <value condition="!String.IsEmpty(ListItem.Genre) + String.StartsWith(ListItem.Genre,Adventure)"> • [COLOR unfocused_text]Adventure[/COLOR]</value>
    <value condition="!String.IsEmpty(ListItem.Genre) + String.StartsWith(ListItem.Genre,Animation)"> • [COLOR unfocused_text]Animation[/COLOR]</value>
    <value condition="!String.IsEmpty(ListItem.Genre) + String.StartsWith(ListItem.Genre,Comedy)"> • [COLOR unfocused_text]Comedy[/COLOR]</value>
    <value condition="!String.IsEmpty(ListItem.Genre) + String.StartsWith(ListItem.Genre,Crime)"> • [COLOR unfocused_text]Crime[/COLOR]</value>
    <value condition="!String.IsEmpty(ListItem.Genre) + String.StartsWith(ListItem.Genre,Documentary)"> • [COLOR unfocused_text]Documentary[/COLOR]</value>
    <value condition="!String.IsEmpty(ListItem.Genre) + String.StartsWith(ListItem.Genre,Drama)"> • [COLOR unfocused_text]Drama[/COLOR]</value>
    <value condition="!String.IsEmpty(ListItem.Genre) + String.StartsWith(ListItem.Genre,Family)"> • [COLOR unfocused_text]Family[/COLOR]</value>
    <value condition="!String.IsEmpty(ListItem.Genre) + String.StartsWith(ListItem.Genre,Fantasy)"> • [COLOR unfocused_text]Fantasy[/COLOR]</value>
    <value condition="!String.IsEmpty(ListItem.Genre) + String.StartsWith(ListItem.Genre,Kids)"> • [COLOR unfocused_text]Kids[/COLOR]</value>
    <value condition="!String.IsEmpty(ListItem.Genre) + String.StartsWith(ListItem.Genre,History)"> • [COLOR unfocused_text]History[/COLOR]</value>
    <value condition="!String.IsEmpty(ListItem.Genre) + String.StartsWith(ListItem.Genre,Horror)"> • [COLOR unfocused_text]Horror[/COLOR]</value>
    <value condition="!String.IsEmpty(ListItem.Genre) + String.StartsWith(ListItem.Genre,Music)"> • [COLOR unfocused_text]Music[/COLOR]</value>
    <value condition="!String.IsEmpty(ListItem.Genre) + String.StartsWith(ListItem.Genre,Mystery)"> • [COLOR unfocused_text]Mystery[/COLOR]</value>
    <value condition="!String.IsEmpty(ListItem.Genre) + String.StartsWith(ListItem.Genre,News)"> • [COLOR unfocused_text]News[/COLOR]</value>
    <value condition="!String.IsEmpty(ListItem.Genre) + String.StartsWith(ListItem.Genre,Reality)"> • [COLOR unfocused_text]Reality[/COLOR]</value>
    <value condition="!String.IsEmpty(ListItem.Genre) + String.StartsWith(ListItem.Genre,Romance)"> • [COLOR unfocused_text]Romance[/COLOR]</value>
    <value condition="!String.IsEmpty(ListItem.Genre) + String.StartsWith(ListItem.Genre,Science Fiction)"> • [COLOR unfocused_text]Sci-Fi[/COLOR]</value>
    <value condition="!String.IsEmpty(ListItem.Genre) + String.StartsWith(ListItem.Genre,Sci-Fi)"> • [COLOR unfocused_text]Sci-Fi[/COLOR]</value>
    <value condition="!String.IsEmpty(ListItem.Genre) + String.StartsWith(ListItem.Genre,Soap)"> • [COLOR unfocused_text]Soap[/COLOR]</value>
    <value condition="!String.IsEmpty(ListItem.Genre) + String.StartsWith(ListItem.Genre,Talk)"> • [COLOR unfocused_text]Talk[/COLOR]</value>
    <value condition="!String.IsEmpty(ListItem.Genre) + String.StartsWith(ListItem.Genre,TV Movie)"> • [COLOR unfocused_text]TV Movie[/COLOR]</value>
    <value condition="!String.IsEmpty(ListItem.Genre) + String.StartsWith(ListItem.Genre,Thriller)"> • [COLOR unfocused_text]Thriller[/COLOR]</value>
    <value condition="!String.IsEmpty(ListItem.Genre) + String.StartsWith(ListItem.Genre,War)"> • [COLOR unfocused_text]War[/COLOR]</value>
    <value condition="!String.IsEmpty(ListItem.Genre) + String.StartsWith(ListItem.Genre,Western)"> • [COLOR unfocused_text]Western[/COLOR]</value>
	</variable>


	<!-- Released -->
	<!-- <variable name="RI_Year">
		<value condition="!String.IsEmpty(ListItem.Year)">[COLOR unfocused_text]$INFO[ListItem.Year][/COLOR]</value>
	</variable> -->
	<!-- Aired -->
	<variable name="RI_Aired">
		<value condition="!String.IsEmpty(ListItem.Premiered)">[COLOR unfocused_text]$INFO[ListItem.Premiered][/COLOR]</value>
	</variable>
	<!-- MPAA Rating -->
	<variable name="RI_Mpaa">
		<value condition="!String.IsEmpty(ListItem.Mpaa)"> • [COLOR unfocused_text]$INFO[ListItem.Mpaa][/COLOR]</value>
	</variable>
	<!-- Rating -->
	<variable name="RI_Rating">
		<value condition="!String.IsEmpty(ListItem.Rating)"> • [COLOR unfocused_text]$INFO[ListItem.Rating]★[/COLOR]</value>
	</variable>
	<variable name="Season_Mpaa">
		<value condition="!String.IsEmpty(ListItem.Mpaa)">[COLOR unfocused_text]$INFO[ListItem.Mpaa][/COLOR]</value>
	</variable>
	<!-- Genre -->
	<variable name="RI_Genre">
		<value condition="!String.IsEmpty(ListItem.Genre)"> • [COLOR unfocused_text]$INFO[ListItem.Genre][/COLOR]</value>
	</variable>
	<!-- Director -->
	<variable name="RI_Director">
		<value condition="!String.IsEmpty(ListItem.Director)"> • [COLOR unfocused_text]$INFO[ListItem.Director][/COLOR]</value>
	</variable>
	<!-- Network -->
	<variable name="RI_Network">
		<value condition="!String.IsEmpty(ListItem.Studio)"> • [COLOR unfocused_text]$INFO[ListItem.Studio][/COLOR]</value>
	</variable>
	<!-- Movie Collection -->
	<!-- <variable name="RI_MovieCollection">
		<value condition="String.IsEqual(Window(Home).Property(nimbus.belongs_to_collection),true) + !String.EndsWith(Container.PluginCategory,Collection) + [Container.Content(movies) + String.IsEqual(Skin.String(ListArtworkChoice.movies),2)]"> • [COLOR unfocused_text]Collection[/COLOR]</value>
	</variable> -->
	<variable name="RI_MovieCollection">
    <value condition="[!String.EndsWith(Container.PluginCategory,Collection) + !String.EndsWith(Container.PluginCategory,Saga) | String.IsEqual(Container.PluginCategory,Movies Collection)] + String.IsEqual(Window(Home).Property(nimbus.belongs_to_collection),true) + [Container.Content(movies) + String.IsEqual(Skin.String(ListArtworkChoice.movies),2)]">$VAR[CollectionLabel]</value>
	</variable>
	<variable name="CollectionLabel">
    <value condition="String.IsEqual(Window(Home).Property(nimbus.first_in_collection),true)"> • [COLOR unfocused_text]1|Collection[/COLOR]</value>
    <value condition="String.IsEqual(Window(Home).Property(nimbus.collection_follow_up),true)"> • [COLOR unfocused_text]Collection[/COLOR]</value>
    <value> • [COLOR unfocused_text]Collection[/COLOR]</value>
	</variable>
	<variable name="CollectionStatus">
    <value condition="String.IsEqual(Window(Home).Property(nimbus.first_in_collection),true)">icons/collection_first.png</value>
    <value condition="String.IsEqual(Window(Home).Property(nimbus.collection_follow_up),true)">icons/collection.png</value>
    <value>icons/collection.png</value>
	</variable>
	<!-- Watched Progress -->
	<variable name="RI_WatchedProgress">
		<value condition="!Integer.IsEqual(ListItem.Property(WatchedProgress),0)"> • [COLOR unfocused_text]$INFO[ListItem.Property(WatchedProgress)]% watched[/COLOR]</value>
	</variable>
	<!-- Total Seasons -->
	<variable name="RI_TotalSeasons">
		<value condition="!String.IsEmpty(ListItem.Property(TotalSeasons)) + Integer.IsEqual(Container.ListItem.Property(TotalSeasons),1)"> • [COLOR unfocused_text]$INFO[ListItem.Property(TotalSeasons),, $LOCALIZE[36904]][/COLOR]</value>
		<value condition="!String.IsEmpty(ListItem.Property(TotalSeasons)) + Integer.IsGreater(Container.ListItem.Property(TotalSeasons),1)"> • [COLOR unfocused_text]$INFO[ListItem.Property(TotalSeasons),, $LOCALIZE[36905]][/COLOR]</value>
	</variable>
	<!-- Total Seasons -->
	<variable name="I_Available">
		<value condition="!String.IsEmpty(ListItem.Property(TotalSeasons)) + Integer.IsEqual(ListItem.Property(TotalSeasons),1)">$INFO[ListItem.Property(TotalSeasons),, $LOCALIZE[36904]]$INFO[ListItem.Property(TotalEpisodes), (, $LOCALIZE[20453])]</value>
		<value condition="!String.IsEmpty(ListItem.Property(TotalSeasons)) + Integer.IsGreater(ListItem.Property(TotalSeasons),1)">$INFO[ListItem.Property(TotalSeasons),, $LOCALIZE[36905]]$INFO[ListItem.Property(TotalEpisodes), (, $LOCALIZE[20453])]</value>
	</variable>
	<!-- Status -->
	<variable name="TVShowStatusIcon">
		<value condition="!String.IsEmpty(ListItem.Status) + String.StartsWith(ListItem.Status,Returning)">icons/returning.png</value>
		<value condition="!String.IsEmpty(ListItem.Status) + String.StartsWith(ListItem.Status,Ended)">icons/ended.png</value>
		<value condition="!String.IsEmpty(ListItem.Status) + String.StartsWith(ListItem.Status,Canceled)">icons/canceled.png</value>
		<!-- <value> • [COLOR unfocused_text]$INFO[Container.ListItem.Status][/COLOR]</value> -->
	</variable>
	<variable name="RI_Status">
		<value condition="!String.IsEmpty(ListItem.Status) + String.StartsWith(ListItem.Status,Returning) + [Container.Content(tvshows) + String.IsEqual(Skin.String(ListArtworkChoice.tvshows),2)]"> • [COLOR unfocused_text]Returning[/COLOR]</value>
		<value condition="[Container.Content(tvshows) + String.IsEqual(Skin.String(ListArtworkChoice.tvshows),2)]"> • [COLOR unfocused_text]$INFO[Container.ListItem.Status][/COLOR]</value>
	</variable>
	<!-- Runtime -->
	<variable name="RI_Runtime">
    <!-- MOVIES -->
    <value condition="$EXP[isMovie] + Integer.IsGreater(ListItem.Duration(h),1) + Integer.IsGreater(ListItem.Duration(m),1)"> • [COLOR unfocused_text]$INFO[ListItem.Duration(h),, hrs] $INFO[ListItem.Duration(m),, mins][/COLOR]</value>
    <value condition="$EXP[isMovie] + Integer.IsGreater(ListItem.Duration(h),1) + Integer.IsEqual(ListItem.Duration(m),1)"> • [COLOR unfocused_text]$INFO[ListItem.Duration(h),, hrs] 1 min[/COLOR]</value>
    <value condition="$EXP[isMovie] + Integer.IsGreater(ListItem.Duration(h),1) + Integer.IsEqual(ListItem.Duration(m),0)"> • [COLOR unfocused_text]$INFO[ListItem.Duration(h),, hrs][/COLOR]</value>
    <value condition="$EXP[isMovie] + Integer.IsEqual(ListItem.Duration(h),1) + Integer.IsGreater(ListItem.Duration(m),1)"> • [COLOR unfocused_text]1 hr $INFO[ListItem.Duration(m),, mins][/COLOR]</value>
    <value condition="$EXP[isMovie] + Integer.IsEqual(ListItem.Duration(h),1) + Integer.IsEqual(ListItem.Duration(m),1)"> • [COLOR unfocused_text]1 hr 1 min[/COLOR]</value>
    <value condition="$EXP[isMovie] + Integer.IsEqual(ListItem.Duration(h),1) + Integer.IsEqual(ListItem.Duration(m),0)"> • [COLOR unfocused_text]1 hr[/COLOR]</value>
    <value condition="$EXP[isMovie] + Integer.IsEqual(ListItem.Duration(h),0) + Integer.IsGreater(ListItem.Duration(m),1)"> • [COLOR unfocused_text]$INFO[ListItem.Duration(m),, mins][/COLOR]</value>
    <value condition="$EXP[isMovie] + Integer.IsEqual(ListItem.Duration(h),0) + Integer.IsEqual(ListItem.Duration(m),1)"> • [COLOR unfocused_text]1 min[/COLOR]</value>
    <!-- TVSHOWS, SEASONS, EPISODES -->
    <value condition="[$EXP[isTVShow] | $EXP[isSeason] | $EXP[isEpisode]] + !String.IsEmpty(ListItem.Duration)"> • [COLOR unfocused_text]$INFO[ListItem.Duration(mins),, mins][/COLOR]</value>
	</variable>
	<variable name="RI_EpisodeType">
		<value condition="String.IsEqual(ListItem.Property(episode_type), series_premiere)"> • [COLOR unfocused_text]Series Premiere[/COLOR]</value>
		<value condition="String.IsEqual(ListItem.Property(episode_type), season_premiere)"> • [COLOR unfocused_text]Season Premiere[/COLOR]</value>
		<value condition="String.IsEqual(ListItem.Property(episode_type), mid_season_premiere)"> • [COLOR unfocused_text]Mid-Season Premiere[/COLOR]</value>
		<value condition="String.IsEqual(ListItem.Property(episode_type), series_finale)"> • [COLOR unfocused_text]Series Finale[/COLOR]</value>
		<value condition="String.IsEqual(ListItem.Property(episode_type), season_finale)"> • [COLOR unfocused_text]Season Finale[/COLOR]</value>
		<value condition="String.IsEqual(ListItem.Property(episode_type), mid_season_finale)"> • [COLOR unfocused_text]Mid-Season Finale[/COLOR]</value>
	</variable>
	
	<variable name="RI_EpisodesRemaining">
		<value condition="Integer.IsGreater(ListItem.Property(WatchedEpisodes),0) + !String.IsEqual(ListItem.Property(WatchedEpisodes),ListItem.Property(TotalEpisodes)) + !String.IsEqual(ListItem.Property(UnWatchedEpisodes),-1)"> • [COLOR unfocused_text]$INFO[ListItem.Property(UnwatchedEpisodes),, remaining][/COLOR]</value>
		<!-- <value condition="!String.IsEmpty(ListItem.Duration) + [$EXP[isTVShow] |  $EXP[isSeason] |  $EXP[isEpisode]]">$INFO[ListItem.Duration(mins), • ,m]</value> -->
	</variable>
	<variable name="RI_SeasonEpisode">
		<value condition="!String.StartsWith(Container.PluginCategory,Season)"> • [COLOR unfocused_text]$INFO[Container($PARAM[list_id]).ListItem.Season,,]$INFO[Container($PARAM[list_id]).ListItem.Episode,x,][/COLOR]</value>
		<!-- <value condition="!String.IsEmpty(ListItem.Duration) + [$EXP[isTVShow] |  $EXP[isSeason] |  $EXP[isEpisode]]">$INFO[ListItem.Duration(mins), • ,m]</value> -->
	</variable>
	
	




	<!-- Ends at: -->
	<variable name="RI_Endsat">
		<value condition="!String.IsEmpty(ListItem.EndTime) + !String.IsEmpty(ListItem.Duration)"> • [COLOR unfocused_text]$INFO[ListItem.EndTime,$LOCALIZE[31080]: ][/COLOR]</value>
	</variable>
	<!-- Plot -->
	<variable name="RI_Plot">
		<value condition="!String.IsEmpty(ListItem.Plot)">$INFO[ListItem.Plot]</value>
		<value></value>
	</variable>

	<variable name="InfoPanelTop">
		<!-- MOVIES -->
		<value condition="!ListItem.IsCollection + $EXP[isMovie] + Integer.IsEqual(ListItem.Property(WatchedProgress),0)">$VAR[RI_Aired]$VAR[RI_Mpaa]$VAR[_Genre]$VAR[RI_MovieCollection]$VAR[RI_Runtime]</value>
		<value condition="!ListItem.IsCollection + $EXP[isMovie] + !Integer.IsEqual(ListItem.Property(WatchedProgress),0)">$VAR[RI_Aired]$VAR[RI_WatchedProgress]$VAR[RI_Mpaa]$VAR[_Genre]$VAR[RI_Runtime]</value>
		<!-- SHOWS -->
		<value condition="!ListItem.IsCollection + $EXP[isTVShow]">$VAR[RI_Aired]$VAR[RI_Mpaa]$VAR[_Genre]$VAR[RI_TotalSeasons]$VAR[RI_EpisodesRemaining]$VAR[RI_Status]</value>
		<!-- SEASONS -->
		<value condition="!ListItem.IsCollection + $EXP[isSeason]">$VAR[RI_Aired]$VAR[RI_Mpaa]$VAR[_Genre]$VAR[RI_Runtime]$VAR[RI_EpisodesRemaining]</value>
		<!-- EPISODES -->
		<value condition="!ListItem.IsCollection + $EXP[isEpisode] + Integer.IsEqual(ListItem.Property(WatchedProgress),0) + String.IsEmpty(ListItem.Property(episode_type))">$VAR[RI_Aired]$VAR[RI_SeasonEpisode]$VAR[RI_Mpaa]$VAR[_Genre]$VAR[RI_Rating]$VAR[RI_Runtime]</value>
		<value condition="!ListItem.IsCollection + $EXP[isEpisode] + Integer.IsEqual(ListItem.Property(WatchedProgress),0) + !String.IsEmpty(ListItem.Property(episode_type))">$VAR[RI_Aired]$VAR[RI_SeasonEpisode]$VAR[RI_Mpaa]$VAR[RI_Rating]$VAR[RI_Runtime]$VAR[RI_EpisodeType]</value>

		<value condition="!ListItem.IsCollection + $EXP[isEpisode] + !Integer.IsEqual(ListItem.Property(WatchedProgress),0) + String.IsEmpty(ListItem.Property(episode_type))">$VAR[RI_Aired]$VAR[RI_WatchedProgress]$VAR[RI_SeasonEpisode]$VAR[RI_Mpaa]$VAR[RI_Rating]$VAR[RI_Runtime]</value>
		<value condition="!ListItem.IsCollection + $EXP[isEpisode] + !Integer.IsEqual(ListItem.Property(WatchedProgress),0) + !String.IsEmpty(ListItem.Property(episode_type))">$VAR[RI_Aired]$VAR[RI_WatchedProgress]$VAR[RI_SeasonEpisode]$VAR[RI_Runtime]$VAR[RI_EpisodeType]</value>
	</variable>
	
	<variable name="InfoPanelBottom">
		<!-- MOVIES, TVSHOWS, SEASONS, EPISODES, COLLECTIONS -->
		<value condition="!ListItem.IsCollection + [$EXP[isMovie] | $EXP[isTVShow] | $EXP[isSeason] | $EXP[isEpisode]]">$VAR[RI_Plot]</value>
	</variable>

	<variable name="FlixPanelRuntime">
    <!-- MOVIES -->
    <value condition="$EXP[isMovie] + !String.IsEqual(Container.PluginName,flixify.com) + Integer.IsGreater(ListItem.Duration(h),1) + Integer.IsGreater(ListItem.Duration(m),1)">$INFO[ListItem.Duration(h),, hrs] $INFO[ListItem.Duration(m),, mins]</value>
    <value condition="$EXP[isMovie] + !String.IsEqual(Container.PluginName,flixify.com) + Integer.IsGreater(ListItem.Duration(h),1) + Integer.IsEqual(ListItem.Duration(m),1)">$INFO[ListItem.Duration(h),, hrs] 1 min</value>
    <value condition="$EXP[isMovie] + !String.IsEqual(Container.PluginName,flixify.com) + Integer.IsGreater(ListItem.Duration(h),1) + Integer.IsEqual(ListItem.Duration(m),0)">$INFO[ListItem.Duration(h),, hrs]</value>
    <value condition="$EXP[isMovie] + !String.IsEqual(Container.PluginName,flixify.com) + Integer.IsEqual(ListItem.Duration(h),1) + Integer.IsGreater(ListItem.Duration(m),1)">$INFO[ListItem.Duration(h),, hr] $INFO[ListItem.Duration(m),, mins]</value>
    <value condition="$EXP[isMovie] + !String.IsEqual(Container.PluginName,flixify.com) + Integer.IsEqual(ListItem.Duration(h),1) + Integer.IsEqual(ListItem.Duration(m),1)">$INFO[ListItem.Duration(h),, hr] 1 min</value>
    <value condition="$EXP[isMovie] + !String.IsEqual(Container.PluginName,flixify.com) + Integer.IsEqual(ListItem.Duration(h),1) + Integer.IsEqual(ListItem.Duration(m),0)">$INFO[ListItem.Duration(h),, hr]</value>
    <value condition="$EXP[isMovie] + !String.IsEqual(Container.PluginName,flixify.com) + Integer.IsEqual(ListItem.Duration(h),0) + Integer.IsGreater(ListItem.Duration(m),1)">$INFO[ListItem.Duration(m),, mins]</value>
    <!-- <value condition="$EXP[isMovie] + Integer.IsEqual(ListItem.Duration(h),0) + Integer.IsEqual(ListItem.Duration(m),1)">1 min</value> -->
    <!-- TVSHOWS, SEASONS, EPISODES -->
    <value condition="!String.IsEqual(Container.PluginName,flixify.com) + [$EXP[isTVShow] | $EXP[isSeason] | $EXP[isEpisode]]">$INFO[ListItem.Duration(mins),, mins]</value>


    <!-- MOVIES -->
    <value condition="String.IsEqual(Container.PluginName,flixify.com) + Integer.IsGreater(ListItem.Duration(h),1) + Integer.IsGreater(ListItem.Duration(m),1)">$INFO[ListItem.Duration(h),, hrs] $INFO[ListItem.Duration(m),, mins]</value>
    <value condition="String.IsEqual(Container.PluginName,flixify.com) + Integer.IsGreater(ListItem.Duration(h),1) + Integer.IsEqual(ListItem.Duration(m),1)">$INFO[ListItem.Duration(h),, hrs] 1 min</value>
    <value condition="String.IsEqual(Container.PluginName,flixify.com) + Integer.IsGreater(ListItem.Duration(h),1) + Integer.IsEqual(ListItem.Duration(m),0)">$INFO[ListItem.Duration(h),, hrs]</value>
    <value condition="String.IsEqual(Container.PluginName,flixify.com) + Integer.IsEqual(ListItem.Duration(h),1) + Integer.IsGreater(ListItem.Duration(m),1)">$INFO[ListItem.Duration(h),, hr] $INFO[ListItem.Duration(m),, mins]</value>
    <value condition="String.IsEqual(Container.PluginName,flixify.com) + Integer.IsEqual(ListItem.Duration(h),1) + Integer.IsEqual(ListItem.Duration(m),1)">$INFO[ListItem.Duration(h),, hr] 1 min</value>
    <value condition="String.IsEqual(Container.PluginName,flixify.com) + Integer.IsEqual(ListItem.Duration(h),1) + Integer.IsEqual(ListItem.Duration(m),0)">$INFO[ListItem.Duration(h),, hr]</value>
    <value condition="String.IsEqual(Container.PluginName,flixify.com) + Integer.IsEqual(ListItem.Duration(h),0) + Integer.IsGreater(ListItem.Duration(m),1)">$INFO[ListItem.Duration(m),, mins]</value>
    <!-- <value condition="$EXP[isMovie] + Integer.IsEqual(ListItem.Duration(h),0) + Integer.IsEqual(ListItem.Duration(m),1)">1 min</value> -->
    <!-- TVSHOWS, SEASONS, EPISODES -->
    <!-- <value condition="!String.IsEqual(Container.PluginName,flixify.com) + [$EXP[isTVShow] | $EXP[isSeason] | $EXP[isEpisode]]">$INFO[ListItem.Duration(mins),, mins]</value> -->
	</variable>

	<variable name="EpisodeType">
		<value condition="String.IsEqual(ListItem.Property(episode_type), series_premiere)">Series Premiere</value>
		<value condition="String.IsEqual(ListItem.Property(episode_type), season_premiere)">Season Premiere</value>
		<value condition="String.IsEqual(ListItem.Property(episode_type), mid_season_premiere)">Mid-Season Premiere</value>
		<value condition="String.IsEqual(ListItem.Property(episode_type), series_finale)">Series Finale</value>
		<value condition="String.IsEqual(ListItem.Property(episode_type), season_finale)">Season Finale</value>
		<value condition="String.IsEqual(ListItem.Property(episode_type), mid_season_finale)">Mid-Season Finale</value>
	</variable>

	<variable name="EpisodeTypeTextColor">
		<value condition="!Skin.HasSetting(Enable.BackgroundBlur) + [String.IsEqual(ListItem.Property(episode_type), series_premiere) | String.IsEqual(ListItem.Property(episode_type), season_premiere) | String.IsEqual(ListItem.Property(episode_type), mid_season_finale) | String.IsEqual(ListItem.Property(episode_type), mid_season_premiere) | String.IsEqual(ListItem.Property(episode_type), season_finale) | String.IsEqual(ListItem.Property(episode_type), series_finale)]">ffffffff</value>

		<value condition="Skin.HasSetting(Enable.BackgroundBlur) + String.IsEqual(ListItem.Property(episode_type), series_premiere)">ff8fc5d9</value>
		<value condition="Skin.HasSetting(Enable.BackgroundBlur) + String.IsEqual(ListItem.Property(episode_type), season_premiere)">ff8fd9c5</value>
		<value condition="Skin.HasSetting(Enable.BackgroundBlur) + String.IsEqual(ListItem.Property(episode_type), mid_season_premiere)">ffc5d98f</value>
		<value condition="Skin.HasSetting(Enable.BackgroundBlur) + String.IsEqual(ListItem.Property(episode_type), series_finale)">ffc58fd9</value>
		<value condition="Skin.HasSetting(Enable.BackgroundBlur) + String.IsEqual(ListItem.Property(episode_type), season_finale)">ffd98fc5</value>
		<value condition="Skin.HasSetting(Enable.BackgroundBlur) + String.IsEqual(ListItem.Property(episode_type), mid_season_finale)">ffd9c58f</value>
	</variable>

	<variable name="EpisodeTypeColor">
		<value condition="!Skin.HasSetting(Enable.BackgroundBlur) + String.IsEqual(ListItem.Property(episode_type), series_premiere)">ff116483</value>
		<value condition="!Skin.HasSetting(Enable.BackgroundBlur) + String.IsEqual(ListItem.Property(episode_type), season_premiere)">ff118364</value>
		<value condition="!Skin.HasSetting(Enable.BackgroundBlur) + String.IsEqual(ListItem.Property(episode_type), mid_season_premiere)">ff4c6017</value>
		<value condition="!Skin.HasSetting(Enable.BackgroundBlur) + String.IsEqual(ListItem.Property(episode_type), series_finale)">ff641183</value>
		<value condition="!Skin.HasSetting(Enable.BackgroundBlur) + String.IsEqual(ListItem.Property(episode_type), season_finale)">ff831164</value>
		<value condition="!Skin.HasSetting(Enable.BackgroundBlur) + String.IsEqual(ListItem.Property(episode_type), mid_season_finale)">ff836411</value>

		<value condition="Skin.HasSetting(Enable.BackgroundBlur) + String.IsEqual(ListItem.Property(episode_type), series_premiere)">338fc5d9</value>
		<value condition="Skin.HasSetting(Enable.BackgroundBlur) + String.IsEqual(ListItem.Property(episode_type), season_premiere)">338fd9c5</value>
		<value condition="Skin.HasSetting(Enable.BackgroundBlur) + String.IsEqual(ListItem.Property(episode_type), mid_season_premiere)">33c5d98f</value>
		<value condition="Skin.HasSetting(Enable.BackgroundBlur) + String.IsEqual(ListItem.Property(episode_type), series_finale)">33c58fd9</value>
		<value condition="Skin.HasSetting(Enable.BackgroundBlur) + String.IsEqual(ListItem.Property(episode_type), season_finale)">33d98fc5</value>
		<value condition="Skin.HasSetting(Enable.BackgroundBlur) + String.IsEqual(ListItem.Property(episode_type), mid_season_finale)">33d9c58f</value>
	</variable>

	<variable name="FlixIconColor">
    <value condition="!Skin.HasSetting(Enable.BackgroundBlur) + !Control.IsVisible(51) + ![String.IsEqual(Skin.String(ArtworkChoice.movies),1) | String.IsEqual(Skin.String(ArtworkChoice.tvshows),1) | String.IsEqual(Skin.String(ArtworkChoice.seasons),1) | String.IsEqual(Skin.String(ArtworkChoice.episodes),1) | String.IsEqual(Skin.String(HomeArtworkChoice),1)]">FF2E2E2E</value>
    <value condition="Skin.HasSetting(Enable.BackgroundBlur) | [!Skin.HasSetting(Enable.BackgroundBlur) + [String.IsEqual(Skin.String(ArtworkChoice.movies),1) | String.IsEqual(Skin.String(ArtworkChoice.tvshows),1) | String.IsEqual(Skin.String(ArtworkChoice.seasons),1) | String.IsEqual(Skin.String(ArtworkChoice.episodes),1) | String.IsEqual(Skin.String(HomeArtworkChoice),1)] | Control.IsVisible(51)]">26CCCCCC</value>
	</variable>

</includes>