<?xml version="1.0" encoding="UTF-8"?>
<addon id="skin.nimbus" version="0.1.32" name="Nimbus"
	provider-name="Ivar Brandt">
	<requires>
		<import addon="xbmc.gui" version="5.17.0" />
		<import addon="script.nimbus.helper" />
	</requires>
	<extension point="xbmc.gui.skin" debugging="false">
		<res width="1920" height="1440" aspect="4:3" default="false" folder="xml" />
		<res width="1920" height="1280" aspect="3:2" default="false" folder="xml" />
		<res width="1920" height="1200" aspect="16:10" default="false" folder="xml" />
		<res width="2040" height="1080" aspect="17:9" default="false" folder="xml" />
		<res width="1920" height="1080" aspect="16:9" default="true" folder="xml" />
		<res width="2560" height="1080" aspect="21:9" default="false" folder="xml" />
		<res width="2338" height="1080" aspect="19.5:9" default="false" folder="xml" />
		<res width="2160" height="1080" aspect="18:9" default="false" folder="xml" />
	</extension>
	<extension point="xbmc.addon.metadata">
		<platform>all</platform>
		<license>CC BY-SA 4.0, GNU GENERAL PUBLIC LICENSE Version 2.0</license>
		<assets>
			<icon>resources/icon.png</icon>
			<fanart>resources/fanart.png</fanart>
		</assets>
		<summary lang="en_GB">Nimbus skin by Ivar Brandt</summary>
		<summary lang="en_NZ">Nimbus skin by Ivar Brandt</summary>
		<summary lang="en_US">Nimbus skin by Ivar Brandt</summary>
		<description lang="en_GB">Nimbus Skin</description>
		<description lang="en_NZ">Nimbus Skin</description>
		<description lang="en_US">Nimbus Skin</description>
	</extension>
</addon>